GU223855.1_Janczewskia_morimotoi_voucher_Shiretoko-Q11_cytochrome_oxidase_subunit_1_(cox1)_gene;;Janczewskia;morimotoi;doublon;-----------------------TACCTTGTATTTAATTTTTGGTGCTTTTTCTGGTGTATTAGGAGGTTGTATGTCAATGTTAATTCGAATGGAATTAGCCCAGCCGGGTAATCATTTACTTTTAGGTAATCATCAAGTTTACAACGTTTTAATAACAGCACACGCATTTTTAATGATATTTTTTATGGTTATGCCAGTAATGATTGGAGGTTTCGGTAATTGATTTGTACCAATCATGATTGGTAGTCCAGATATGGCTTTTCCTAGATTAAATAATATTTCTTTTTGACTTTTACCTCCTTCACTATGTTTATTACTTTTATCATCAATTGTGGAAGTAGGTACTGGTACGGGATGAACTGTCTATCCTCCTTTAAGTTCTATACAAAGCCATTCAGGAGCTTCAGTAGATTTAGCTATTTTTAGTTTACATTTGTCAGGAGCTTCATCTATTTTGGGAGCAATTAATTTTATTTCTACAATTTTAAATATGCGTAATCCTGGACAAACATTTTATAGAATTCCTTTATTTGTTTGATCAATTTTTGTAACTGCATTTTTATTATTATTAGCAGTTCCTGTATTAGCAGGAGCAATAACTATGTTATTAACTGATAGAAATTTTAATACCTCTTTTTTTGATCCATCAGGAGGAGGTGACCCTATTTTATATCAACATTTATTT-----------------------
GU223856.1_Janczewskia_morimotoi_voucher_Muroran-C1_cytochrome_oxidase_subunit_1_(cox1)_gene;;Janczewskia;morimotoi;doublon;-----------------------TACCTTGTATTTAATTTTTGGTGCTTTTTCTGGTGTATTAGGAGGTTGTATGTCAATGTTAATTCGAATGGAATTAGCCCAGCCGGGTAATCATTTACTTTTAGGTAATCATCAAGTTTACAACGTTCTAATAACAGCACACGCATTTTTAATGATATTTTTTATGGTTATGCCAGTAATGATTGGAGGTTTCGGTAATTGATTTGTACCAATCATGATTGGTAGCCCAGATATGGCTTTTCCTAGATTAAATAATATTTCTTTTTGACTTTTACCTCCTTCATTATGTTTATTACTTTTATCATCAATTGTGGAAGTAGGTACTGGTACGGGATGAACTGTCTATCCTCCTTTAAGTTCTATACAAAACCATTCAGGAGCTTCAGTAGATTTAGCTATTTTTAGTTTACATTTGTCAGGAGCTTCATCTATTTTGGGAGCAATTAATTTTATTTCTACAATTTTAAATATGCGTAATCCTGGACAAACATTTTATAGAATTCCTTTATTTGTTTGATCAATTTTTGTAACTGCATTTTTATTATTATTAGCAGTTCCTGTATTAGCAGGAGCAATAACTATGTTATTAACTGATAGAAATTTTAATACCTCTTTTTTTGATCCATCAGGAGGAGGTGACCCTATTTTATATCAACATTTATTT-----------------------
GU223857.1_Janczewskia_morimotoi_voucher_Kinaoshi-A5_cytochrome_oxidase_subunit_1_(cox1)_gene;;Janczewskia;morimotoi;doublon;-----------------------TACCTTGTATTTAATTTTTGGTGCTTTTTCTGGTGTATTAGGAGGTTGTATGTCAATGTTAATTCGAATGGAATTAGCCCAGCCGGGTAATCATTTACTTTTAGGTAATCATCAAGTTTACAACGTTCTAATAACAGCACACGCATTTTTAATGATATTTTTTATGGTTATGCCAGTAATGATTGGAGGTTTCGGTAATTGATTTGTACCAATCATGATTGGTAGCCCAGATATGGCTTTTCCTAGATTAAATAATATTTCTTTTTGACTTTTACCTCCTTCATTATGTTTATTACTTTTATCATCAATTGTGGAAGTAGGTACTGGTACGGGATGAACTGTCTATCCTCCTTTAAGTTCTATACAAAGCCATTCAGGAGCTTCAGTAGATTTAGCTATTTTTAGTTTACATTTGTCAGGAGCTTCATCTATTTTGGGAGCAATTAATTTTATTTCTACAATTTTAAATATGCGTAATCCTGGACAAACATTTTATAGAATTCCTTTATTTGTTTGATCAATTTTTGTAACTGCATTTTTATTATTATTAGCAGTTCCTGTATTAGCAGGAGCAATAACTATGTTATTAACTGATAGAAATTTTAATACCTCTTTTTTTGATCCATCAGGAGGAGGTGACCCTATTTTATATCAACATTTATTT-----------------------
GU223858.1_Janczewskia_hawaiiana_voucher_ARS02521_cytochrome_oxidase_subunit_1_(cox1)_gene;;Janczewskia;hawaiiana;doublon;-----------------------TACTTTATATTTAATTTTTGGTACTTTTTCTGGTGTATTGGGAGGTTGTATGTCAATGTTAATTCGAATGGAATTAGCCCAACCAGGTAATCATTTACTTTTAGGTAATCATCAAGTTTATAATGTTTTAATAACAGCGCACGCATTTTTAATGATATTTTTTATGGTTATGCCAATTATGATTGGAGGTTTTGGTAATTGATTTGTACCAATTATGATTGGAAGTCCAGATATGGCTTTCCCTAGATTAAATAATATTTCTTTTTGACTTTTACCTCCTTCATTATGCTTATTACTTTTATCTTCAATTGTAGAAGTAGGTACTGGTACAGGATGAACTGTTTATCCTCCTTTAAGTTCTATACAAAGTCATTCTGGAGCTTCAGTTGATTTGGCTATTTTTAGCTTACATTTATCTGGAGCTTCATCTATTTTAGGTGCAGTTAATTTTATTTCTACAATTTTAAATATGCGTAATCCAGGACAAACTTTTTATAGAATTCCTTTATTTGTTTGATCAATTTTTGTAACTGCGTTTTTATTATTGTTAGCAGTTCCTGTATTAGCAGGGGCAATAACTATGTTATTAACTGATAGAAATTTTAATACTTCTTTTTTTGATCCATCAGGAGGAGGTGATCCTATTTTATACCAACACTTGTTC-----------------------
GU223875.1_Laurencia_nipponica_voucher_Muroran-C4_cytochrome_oxidase_subunit_1_(cox1)_gene;;Laurencia;nipponica;doublon;-----------------------TACCTTGTATTTAATTTTTGGTGCTTTTTCTGGTGTATTAGGAGGTTGTATGTCAATGTTAATTCGAATGGAATTAGCCCAGCCGGGTAATCATTTACTTTTAGGTAATCATCAAGTTTACAACGTTCTAATAACAGCACACGCATTTTTAATGATATTTTTTATGGTTATGCCAGTAATGATTGGAGGTTTCGGTAATTGATTTGTACCAATCATGATTGGTAGCCCAGATATGGCTTTTCCTAGATTAAATAATATTTCTTTTTGACTTTTACCTCCTTCATTATGTTTATTACTTTTATCATCAATTGTGGAAGTAGGTACTGGTACGGGATGAACTGTCTATCCTCCTTTAAGTTCTATACAAAGCCATTCAGGAGCTTCAGTAGATTTAGCTATTTTTAGTTTACATTTGTCAGGAGCTTCATCTATTTTGGGAGCAATTAATTTTATTTCTACAATTTTAAATATGCGTAATCCTGGACAAACATTTTATAGAATTCCTTTATTTGTTTGATCAATTTTTGTAACTGCATTTTTATTATTATTAGCAGTTCCTGTATTAGCAGGAGCAATAACTATGTTATTAACTGATAGAAATTTTAATACCTCTTTTTTTGATCCATCAGGAGGAGGTGATCCTATTTTATATCAACATTTATTT-----------------------
GU223877.1_Laurencia_mcdermidiae_voucher_ARS02522_cytochrome_oxidase_subunit_1_(cox1)_gene;;Laurencia;mcdermidiae;doublon;-----------------------TACTTTGTACTTAATTTTTGGTACTTTTTCTGGTGTATTAGGAGGTTGTATGTCAATGTTAATTCGAATGGAATTAGCGCAACCAGGTAATCATTTACTTTTAGGTAATCACCAAGTTTACAATGTGTTAATAACAGCCCATGCATTTTTAATGATTTTTTTTATGGTTATGCCAGTAATGATTGGGGGTTTTGGTAATTGATTTATACCAATTATGATTGGAAGTCCAGATATGGCTTTTCCTAGATTAAATAATATATCGTTTTGACTTTTACCCCCTTCATTATGTTTATTACTTTTATCTTCAATTGTAGAAGTAGGAACAGGTACGGGTTGAACGGTCTACCCTCCTTTAAGTTCTATTCAAAGCCATTCAGGAGCTTCAGTTGATCTAGCAATTTTTAGCTTACATTTATCAGGAGCTTCATCTATTTTAGGAGCAGTTAATTTTATTTCTACGATTTTAAATATGCGTAATCCTGGACAAACATTTTATAGAATTCCATTATTTGTTTGATCAATTTTTGTTACTGCGTTTTTATTATTATTAGCAGTTCCTGTATTAGCAGGAGCTATAACTATGTTATTAACTGATAGAAATTTCAATACTTCGTTTTTTGATCCAGCAGGAGGAGGTGACCCAATTTTATATCAACATTTATTT-----------------------
GU223887.1_Laurencia_majuscula_voucher_ARS02692_cytochrome_oxidase_subunit_1_(cox1)_gene;;Laurencia;majuscula;doublon;-----------------------TACTTTGTATTTAATTTTTGGTGCTTTTTCTGGAGTTATAGGAGGTTGTATGTCAATGTTAATTCGAATGGAGTTAGCTCAGCCAGGTAATCATTTACTTTTAGGTAATCATCAAGTTTACAATGTTTTAATAACAGCACATGCATTTTTAATGATATTTTTTATGGTTATGCCAATAATGATTGGGGGTTTTGGTAATTGATTTGTACCAATAATGATTGGAAGTCCAGATATGGCTTTTCCTAGACTGAACAATATTTCTTTTTGACTTTTACCTCCTTCATTATGTTTACTACTTTTATCATCAATTGTAGAAGTAGGTACTGGTACAGGTTGAACTGTTTACCCCCCTTTAAGTTCTATACAAAGTCATTCAGGTGCTTCAGTTGATTTAGCTATTTTTAGTTTACACTTATCAGGTGCTTCTTCTATTTTGGGTGCGTTAAATTTTATCTCTACAATTTTAAATATGCGTAATCCAGGACAAACATTTTATAGAATTCCTTTATTTGTTTGGTCGATTTTTGTAACTGCTTTTTTATTATTGCTAGCAGTTCCTGTTTTAGCAGGAGCAATAACTATGTTGCTTACTGATAGAAACTTTAATACTTCCTTTTTTGATCCTTCAGGAGGAGGTGATCCTATTTTATATCAACATCTATTT-----------------------
GU223888.1_Laurencia_nidifica_voucher_ARS02581_cytochrome_oxidase_subunit_1_(cox1)_gene;;Laurencia;nidifica;doublon;-----------------------TACTTTATATCTAATTTTTGGAGCTTTTTCTGGAGTGTTAGGAGGTTGTATGTCAATGTTAATTCGAATGGAATTAGCTCAACCAGGTAATCATTTACTTTTAGGTAATCATCAAGTTTACAATGTTTTAATAACAGCGCATGCGTTTTTAATGATATTTTTTATGGTTATGCCAGTAATGATTGGAGGTTTTGGTAATTGATTTGTCCCAATAATGATTGGAAGTCCGGATATGGCTTTTCCTAGATTAAATAACATTTCTTTTTGACTTTTACCTCCTTCATTATGTTTATTACTTTTATCGTCAATTGTAGAAGTAGGTACTGGTACAGGATGAACTGTTTATCCTCCTTTAAGTTCTATACAAAGTCATTCAGGAGCCTCAGTAGATTTAGCTATTTTTAGTTTACATTTATCAGGAGCTTCTTCTATCTTAGGAGCAGTTAATTTTATTTCTACAATTCTAAATATGCGTAATCCTGGACAAACATTTTATAGAATTCCTTTATTTGTTTGATCAATTTTCGTAACTGCATTTTTATTATTATTAGCAGTTCCTGTGTTAGCAGGAGCGATAACTATGTTATTAACCGATAGGAATTTTAATACTTCTTTTTTTGATCCATCAGGAGGAGGTGATCCTATTTTGTATCAACATTTATTT-----------------------
KM254876.1_Laurencia_saitoi_voucher_GWS022248_cytochrome_oxidase_subunit_1_(COI)_gene;;Laurencia;saitoi;doublon;--------------------------------------------------------------AGGAGGTTGCATGTCAATGTTAATTCGAATGGAATTAGCTCAGCCAGGTAATCATTTACTTTTAGGTAATCATCAAGTTTATAACGTTTTAATAACAGCACATGCATTTTTAATGATATTTTTTATGGTTATGCCAGTAATGATTGGAGGTTTCGGTAATTGGTTTGTACCAATTATGATTGGTAGTCCAGATATGGCTTTTCCTAGATTAAATAATATTTCTTTTTGACTTTTACCTCCTTCATTATGTTTATTACTTTTATCATCAATTGTGGAAGTAGGTACTGGTACAGGATGAACTGTTTATCCTCCTTTAAGTTCTATACAAAGTCATTCAGGAGCCTCAGTAGATTTAGCTATTTTTAGTTTACATTTGTCAGGAGCTTCATCTATCTTAGGAGCAGTTAATTTTATTTCTACAATTTTAAATATGCGCAATCCAGGACAAACATTTTATAGAATTCCTTTATTTGTTTGATCAATTTTTGTAACTGCATTTTTGTTATTATTAGCAGTTCCTGTATTAGCAGGAGCAATAACTATGTTATTAACTGATAGAAATTTTAATACTTCTTTTTTTGATCCATCAGGAGGAGGTGATCCTATTTTATATCAACATTTATTT-----------------------
KM254844.1_Laurencia_pacifica_voucher_GWS022188_cytochrome_oxidase_subunit_1_(COI)_gene;;Laurencia;pacifica;doublon;-----------------------TACTTTATATTTAATTTTTGGTGCTTTTTCTGGTGTATTAGGAGGTTGTATGTCAATGTTGATTCGAATGGAATTAGCTCAACCAGGTAATCATTTACTTTTAGGTAATCATCAAGTTTACAACGTTTTAATAACAGCACATGCATTTTTAATGATATTTTTTATGGTTATGCCAATTATGATTGGAGGTTTTGGTAATTGATTTGTACCAATTATGATTGGAAGTCCAGATATGGCTTTCCCTAGATTAAATAATATTTCTTTCTGACTATTACCCCCTTCATTATGTTTATTACTTTTATCATCAATTGTAGAAGTAGGTACTGGTACAGGATGGACTGTATACCCTCCTTTAAGTTCTATACAAAGTCATTCAGGAGCTTCAGTTGATTTAGCTATTTTTAGTTTACATTTATCAGGAGCTTCATCTATTTTAGGTGCGGTTAATTTTATTTCTACAATTTTAAATATGCGTAATCCTGGACAAACATTTTATAGAATTCCTTTATTTGTTTGGTCAATTTTTGTAACTGCATTTTTATTATTATTAGCAGTTCCCGTGTTAGCAGGAGCAATAACTATGTTATTAACTGATAGAAATTTTAATACTTCTTTTTTCGATCCATCAGGAGGAGGTGATCCTATTTTATATCAACATTTATTT-----------------------
KM254466.1_Laurencia_pacifica_voucher_GWS022101_cytochrome_oxidase_subunit_1_(COI)_gene;;Laurencia;pacifica;doublon;-----------------------TACTTTATATTTAATTTTTGGTGCTTTTTCTGGTGTATTAGGAGGTTGTATGTCAATGTTGATTCGAATGGAATTGGCTCAACCAGGTAATCATTTACTTTTAGGTAATCATCAAGTTTACAACGTTTTAATAACAGCACATGCATTTTTAATGATATTTTTTATGGTTATGCCAATTATGATTGGAGGTTTTGGTAATTGATTTGTACCAATTATGATTGGAAGTCCAGATATGGCTTTCCCTAGATTAAATAATATTTCTTTCTGACTATTACCCCCTTCATTATGTTTATTACTTTTATCATCAATTGTAGAAGTAGGTACTGGTACAGGATGGACTGTATACCCTCCTTTAAGTTCTATACAAAATCATTCAGGAGCTTCAGTTGATTTAGCTATTTTTAGTTTACATTTATCAGGAGCTTCATCTATTTTAGGTGCGGTTAATTTTATTTCTACAATTTTAAATATGCGTAATCCTGGACAAACATTTTATAGAATTCCTTTATTTGTTTGGTCAATTTTTGTAACTGCATTTTTATTATTATTAGCAGTTCCCGTGTTAGCAGGAGCAATAACTATGTTATTAACTGATAGAAATTTTAATACTTCTTTTTTCGATCCATCAGGAGGAGGTGATCCTATTTTATATCAACATTTATTT-----------------------
GU223894.1_Laurencia_sp._ARS-2010_voucher_ARS02602_cytochrome_oxidase_subunit_1_(cox1)_gene;;Laurencia;sp.;doublon;-----------------------TACTTTATATTTAATTTTTGGAGCTTTTTCTGGTGTGTTAGGAGGTTGCATGTCAATGCTAATTCGAATGGAATTGGCTCAACCAGGTAATCATTTACTTTTAGGTAATCACCAAGTTTATAATGTTTTAATAACAGCACATGCGTTTTTGATGATATTTTTTATGGTTATGCCAGTAATGATTGGAGGTTTTGGTAATTGATTTGTCCCAATCATGATTGGAAGTCCAGATATGGCTTTTCCTAGATTAAATAATATTTCTTTTTGACTTTTACCCCCTTCGTTATGTTTATTACTTTTATCGTCAATTGTAGAAGTGGGTACTGGTACGGGATGAACCGTTTATCCTCCTTTAAGTTCTATACAAAGTCATTCAGGAGCTTCGGTAGATTTAGCTATTTTTAGTTTGCATTTATCAGGAGCTTCATCTATTTTAGGAGCAGTTAATTTTATTTCTACAATTTTAAATATGCGTAATCCAGGACAAACATTTTATAGAATTCCTTTGTTTGTTTGATCGATTTTTGTAACTGCATTTTTATTATTATTAGCAGTTCCTGTACTAGCAGGAGCAATAACTATGTTATTAACTGATAGGAATTTTAATACTTCTTTTTTTGATCCATCAGGAGGAGGTGATCCTATTTTGTATCAACATTTATTT-----------------------
GU223893.1_Laurencia_sp._ARS-2010_voucher_ARS02760_cytochrome_oxidase_subunit_1_(cox1)_gene;;Laurencia;sp.;doublon;-----------------------TACTTTATATTTAATTTTTGGTGCTTTTTCTGGTGTATTGGGAGGTTGTATGTCAATGTTAATTCGAATGGAATTAGCCCAACCAGGTAATCATTTACTTTTAGGTAATCATCAAGTTTACAATGTTTTAATAACAGCGCATGCATTTTTAATGATATTTTTTATGGTTATGCCAGTAATGATTGGAGGTTTTGGTAATTGATTTGTACCAATTATGATTGGAAGTCCAGATATGGCTTTTCCTAGATTAAATAATATTTCTTTTTGACTTTTACCTCCTTCATTATGCTTATTACTTTTATCTTCAATTGTAGAAGTAGGTACTGGTACAGGATGAACTGTTTATCCTCCTTTAAGTTCTATACAAAGTCATTCTGGAGCTTCAGTTGATTTGGCTATTTTTAGCTTACATTTATCTGGAGCTTCATCTATTTTAGGTGCAGTTAATTTTATTTCTACAATTTTAAATATGCGTAATCCAGGACAAACTTTTTATAGAATTCCTTTATTTGTTTGATCAATTTTTGTAACTGCGTTTTTATTATTGTTAGCAGTTCCTGTATTAGCAGGGGCAATAACCATGTTATTAACTGATAGAAATTTTAATACTTCTTTTTTTGATCCATCAGGAGGAGGTGATCCTATTTTATACCAACACTTGTTC-----------------------
GU223892.1_Laurencia_sp._ARS-2010_voucher_ARS03697_cytochrome_oxidase_subunit_1_(cox1)_gene;;Laurencia;sp.;doublon;-----------------------TACTTTATATTTAATTTTTGGTGCTTTTTCTGGTGTATTGGGAGGTTGTATGTCAATGTTAATTCGAATGGAGTTAGCCCAACCAGGTAATCACTTACTTTTAGGTAATCACCAAGTTTATAATGTTTTAATAACAGCACATGCATTTTTAATGATATTTTTTATGGTTATGCCAGTAATGATTGGAGGTTTTGGTAATTGATTTGTACCAATCATGATTGGAAGTCCAGATATGGCTTTTCCTAGATTAAATAATATTTCTTTTTGGCTTTTACCTCCTTCATTATGTTTATTACTTTTATCTTCAATTGTAGAAGTAGGAACTGGTACGGGATGAACTGTTTATCCTCCTCTAAGTTCTATACAAAGTCATTCAGGAGCTTCAGTTGATTTAGCTATTTTTAGTTTACATTTATCAGGAGCTTCATCTATTTTAGGTGCAGTTAATTTTATTTCTACAATTTTAAATATGCGCAATCCAGGACAAACTTTTTATAGAATTCCTTTATTTGTCTGATCAATTTTTGTAACTGCGTTTTTATTATTGTTAGCAGTTCCTGTGTTAGCAGGGGCAATAACTATGTTACTGACTGATAGAAATTTTAATACTTCTTTTTTTGATCCATCAGGAGGAGGTGACCCTATTTTATATCAACATTTGTTT-----------------------
GU223891.1_Laurencia_sp._ARS-2010_voucher_ARS03515_cytochrome_oxidase_subunit_1_(cox1)_gene;;Laurencia;sp.;doublon;-----------------------TACTCTATATTTAATTTTTGGAGCTTTTTCTGGTGTGTTAGGAGGTTGTATGTCAATGTTAATTCGAATGGAATTAGCTCAACCAGGTAATCATTTACTTTTAGGTAATCATCAAGTTTACAATGTTTTAATAACAGCACATGCATTTTTAATGATATTTTTTATGGTTATGCCGGTAATGATTGGAGGTTTTGGTAATTGATTTGTACCAATTATGATTGGTAGCCCAGATATGGCTTTTCCCAGACTAAATAATATTTCTTTTTGACTTTTACCTCCTTCATTATGTTTATTACTTTTATCATCAATTGTAGAAGTAGGAACTGGAACTGGATGAACTGTTTATCCTCCTTTAAGTTCTATACAAAGTCATTCAGGAGCTTCAGTAGATTTAGCTATTTTCAGTTTACATTTATCAGGAGCTTCATCTATTTTAGGAGCAGTTAATTTTATTTCTACAATTCTAAATATGCGTAATCCTGGACAAACATTTTATAGAATTCCTTTGTTTGTTTGATCAATTTTTGTAACTGCATTTTTATTATTATTAGCAGTTCCTGTATTAGCAGGAGCAATAACTATGTTATTAACTGATAGAAATTTTAATACTTCTTTTTTTGATCCATCAGGAGGAGGTGATCCTATTTTATATCAACATTTATTT-----------------------
GU223889.1_Laurencia_sp._ARS-2010_voucher_ARS03729_cytochrome_oxidase_subunit_1_(cox1)_gene;;Laurencia;sp.;doublon;-----------------------TACCCTATATTTAATTTTTGGTGCTTTTTCTGGTATATTAGGAGGTTGTATGTCAATGTTAATTCGAATGGAATTAGCTCAACCAGGTAATCATTTACTTTTAGGTAACCATCAAGTTTACAATGTTTTAATAACAGCACATGCATTTTTAATGATATTTTTTATGGTTATGCCAGTAATGATTGGAGGTTTTGGTAATTGATTTGTACCAATTATGATTGGAAGTCCTGATATGGCTTTTCCTAGACTAAATAATATCTCTTTTTGACTTTTACCTCCTTCATTATGTTTATTACTTTTATCATCAGTTGTGGAAGTTGGTACTGGTACAGGATGAACTGTTTATCCTCCTTTGAGCTCTATACAAAGTCATTCAGGAGCTTCAGTTGATTTAGCTATTTTTAGTTTACATTTGTCAGGAGCTTCATCTATTTTAGGAGCAGTTAATTTTATTTCTACAATTTTAAACATGCGCAATCCAGGACAAACGTTTTATAGAATTCCTTTATTCGTTTGATCAATCTTTGTGACTGCTTTTTTATTACTATTAGCAGTTCCTGTATTAGCAGGAGCAATAACTATGTTATTAACTGACAGGAATTTTAATACTTCTTTTTTTGATCCATCAGGAGGAGGTGATCCTATTTTATATCAACATTTATTT-----------------------
GU223890.1_Laurencia_sp._ARS-2010_voucher_ARS03166_cytochrome_oxidase_subunit_1_(cox1)_gene;;Laurencia;sp.;doublon;-----------------------TACTTTATATTTAATTTTTGGAGCTTTTTCTGGTGTATTAGGGGGTTGTATGTCAATGTTAATTAGAATGGAGTTGGCTCAACCAGGTAATCATTTACTTTTAGGTAATCACCAAGTTTATAATGTTTTAATAACAGCTCACGCATTTTTAATGATATTTTTTATGGTTATGCCAGTAATGATTGGTGGTTTCGGTAATTGATTTGTACCAATTATGATTGGAAGTCCAGATATGGCTTTTCCTAGATTAAATAATATTTCTTTTTGACTTTTACCTCCTTCATTATGTTTATTACTTTTATCTTCAATTGTAGAAGTAGGTACCGGTACAGGATGGACTGTTTATCCTCCCTTAAGTTCTATACAAAGCCACTCAGGAGCTTCTGTTGATTTAGCTATATTTAGCTTACATTTATCGGGAGCTTCATCAATTTTAGGAGCAGTTAACTTTATTTCTACAATTTTAAATATGCGTAATCCAGGACAAACATTTTATAGAATTCCTTTGTTTGTTTGATCAATTTTTGTAACCGCATTTCTATTATTATTAGCAGTTCCTGTATTAGCAGGAGCAATAACTATGTTATTAACTGACAGAAATTTTAATACTTCTTTTTTTGATCCATCGGGAGGTGGTGATCCTATTTTATATCAACATTTATTT-----------------------
GU223859.1_Janczewskia_hawaiiana_voucher_ARS02523_cytochrome_oxidase_subunit_1_(cox1)_gene;ARS02523;Janczewskia;hawaiiana;;-----------------------TACTTTATATTTAATTTTTGGTACTTTTTCTGGTGTATTGGGAGGTTGTATGTCAATGTTAATTCGAATGGAATTAGCCCAACCAGGTAATCATTTACTTTTAGGTAATCATCAAGTTTATAATGTTTTAATAACAGCGCACGCATTTTTAATGATATTTTTTATGGTTATGCCAATTATGATTGGAGGTTTTGGTAATTGATTTGTACCAATTATGATTGGAAGTCCAGATATGGCTTTCCCTAGATTAAATAATATTTCTTTTTGACTTTTACCTCCTTCATTATGCTTATTACTTTTATCTTCAATTGTAGAAGTAGGTACTGGTACAGGATGAACTGTTTATCCTCCTTTAAGTTCTATACAAAGTCATTCTGGAGCTTCAGTTGATTTGGCTATTTTTAGCTTACATTTATCTGGAGCTTCATCTATTTTAGGTGCAGTTAATTTTATTTCTACAATTTTAAATATGCGTAATCCAGGACAAACTTTTTATAGAATTCCTTTATTTGTTTGATCAATTTTTGTAACTGCGTTTTTATTATTGTTAGCAGTTCCTGTATTAGCAGGGGCAATAACTATGTTATTAACTGATAGAAATTTTAATACTTCTTTTTTTGATCCATCAGGAGGAGGTGATCCTATTTTATACCAACACTTGTTC-----------------------
GU223874.1_Laurencia_nipponica_voucher_Russia-C5_cytochrome_oxidase_subunit_1_(cox1)_gene;C5;Laurencia;nipponica;;-----------------------TACCTTGTATTTAATTTTTGGTGCTTTTTCTGGTGTATTAGGAGGTTGTATGTCAATGTTAATTCGAATGGAATTAGCCCAGCCGGGTAATCATTTACTTTTAGGTAATCATCAAGTTTACAACGTTTTAATAACAGCACACGCATTTTTAATGATATTTTTTATGGTTATGCCAGTAATGATTGGAGGTTTCGGTAATTGATTTGTACCAATCATGATTGGTAGTCCAGATATGGCTTTTCCTAGATTAAATAATATTTCTTTTTGACTTTTACCTCCTTCACTATGTTTATTACTTTTATCATCAATTGTGGAAGTAGGTACTGGTACGGGATGAACTGTCTATCCTCCTTTAAGTTCTATACAAAGCCATTCAGGAGCTTCAGTAGATTTAGCTATTTTTAGTTTACATTTGTCAGGAGCTTCATCTATTTTGGGAGCAATTAATTTTATTTCTACAATTTTAAATATGCGTAATCCTGGACAAACATTTTATAGAATTCCTTTATTTGTTTGATCAATTTTTGTAACTGCATTTTTATTATTATTAGCAGTTCCTGTATTAGCAGGAGCAATAACTATGTTATTAACTGATAGAAATTTTAATACCTCTTTTTTTGATCCATCAGGAGGAGGTGACCCTATTTTATATCAACATTTATTT-----------------------
GU223876.1_Laurencia_nipponica_voucher_Kinaoshi-A6_cytochrome_oxidase_subunit_1_(cox1)_gene;A6;Laurencia;nipponica;;-----------------------TACCTTGTATTTAATTTTTGGTGCTTTTTCTGGTGTATTAGGAGGTTGTATGTCAATGTTAATTCGAATGGAATTAGCCCAGCCGGGTAATCATTTACTTTTAGGTAATCATCAAGTTTACAACGTTCTAATAACAGCACACGCATTTTTAATGATATTTTTTATGGTTATGCCAGTAATGATTGGAGGTTTCGGTAATTGATTTGTACCAATCATGATTGGTAGCCCAGATATGGCTTTTCCTAGATTAAATAATATTTCTTTTTGACTTTTACCTCCTTCATTATGTTTATTACTTTTATCATCAATTGTGGAAGTAGGTACTGGTACGGGATGAACTGTCTATCCTCCTTTAAGTTCTATACAAAGCCATTCAGGAGCTTCAGTAGATTTAGCTATTTTTAGTTTACATTTGTCAGGAGCTTCATCTATTTTGGGAGCAATTAATTTTATTTCTACAATTTTAAATATGCGTAATCCTGGACAAACATTTTATAGAATTCCTTTATTTGTTTGATCAATTTTTGTAACTGCATTTTTATTATTATTAGCAGTTCCTGTATTAGCAGGAGCAATAACTATGTTATTAACTGATAGAAATTTTAATACCTCTTTTTTTGATCCATCAGGAGGAGGTGACCCTATTTTATATCAACATTTATTT-----------------------
GU223878.1_Laurencia_mcdermidiae_voucher_ARS02524_cytochrome_oxidase_subunit_1_(cox1)_gene;ARS02524;Laurencia;mcdermidiae;;-----------------------TACTTTGTACTTAATTTTTGGTACTTTTTCTGGTGTATTAGGAGGTTGTATGTCAATGTTAATTCGAATGGAATTAGCGCAACCAGGTAATCATTTACTTTTAGGTAATCACCAAGTTTACAATGTGTTAATAACAGCCCATGCATTTTTAATGATTTTTTTTATGGTTATGCCAGTAATGATTGGGGGTTTTGGTAATTGATTTATACCAATTATGATTGGAAGTCCAGATATGGCTTTTCCTAGATTAAATAATATATCGTTTTGACTTTTACCCCCTTCATTATGTTTATTACTTTTATCTTCAATTGTAGAAGTAGGAACAGGTACGGGTTGAACGGTCTACCCTCCTTTAAGTTCTATTCAAAGCCATTCAGGAGCTTCAGTTGATCTAGCAATTTTTAGCTTACATTTATCAGGAGCTTCATCTATTTTAGGAGCAGTTAATTTTATTTCTACGATTTTAAATATGCGTAATCCTGGACAAACATTTTATAGAATTCCATTATTTGTTTGATCAATTTTTGTTACTGCGTTTTTATTATTATTAGCAGTTCCTGTATTAGCAGGAGCTATAACTATGTTATTAACTGATAGAAATTTCAATACTTCGTTTTTTGATCCAGCAGGAGGAGGTGACCCAATTTTATATCAACATTTATTT-----------------------
KF270693.1_Laurencia_marilzae_voucher_SP_399814_cytochrome_oxidase_subunit_1_(COI)_gene;SP399814;Laurencia;marilzae;;ATGACAAATCATAAAGATATTGGTACTTTATATTTAATTTTTGGTGCTTTCGCAGGTGTACTAGGAGGTTGTATGTCAATGTTAATTCGTATGGAATTGGCACAACCAGGTAACCATTTACTTTTAGGTAATCATCAAGTTTACAATGTTTTAATAACTGCACACGCTTTTTTAATGATTTTTTTTATGGTTATGCCTGTAATGATTGGTGGTTTTGGTAATTGGTTTGTACCAATTATGATAGGTAGTCCAGACATGGCGTTTCCTAGATTAAATAATATCTCGTTTCTTCTTTTACCACCATCATTATGTTTACTGCTTTTATCTTCAATTGTAGAGGTTGGTACTGGTACCGGCCTTACAGTATACCCACCACTTAGTTCAATACAAAGTCACTCAGGAGCTTCTGTTGATTTAGCTATTTTTAGTTTACATTTATCAGGAGCTTCTTCTATTTTAGGTGCAATTAATTTTATATCTACAATTTTAAATATGCGTAATCCAGGACAAACATTTTATAGAATTCCGTTGTTTGTTCTTTCAATTTTTGTAACTGCTTTTTTATTATTATTAGCTGTGCCTGTTTTAGCAGGTGCAATAACAATGTTATTAACTGATAGAAATTTTAACACTTCTTTTTTTGACCCTTCTGGAGGTGGTGACCCTATTTTGTATCAACATTTATTTCTTTTTTTTGGACATCCAGAAGT
