A6;Laurencia;nipponica;NA;-----------------------TACCTTGTATTTAATTTTTGGTGCTTTTTCTGGTGTATTAGGAGGTTGTATGTCAATGTTAATTCGAATGGAATTAGCCCAGCCGGGTAATCATTTACTTTTAGGTAATCATCAAGTTTACAACGTTCTAATAACAGCACACGCATTTTTAATGATATTTTTTATGGTTATGCCAGTAATGATTGGAGGTTTCGGTAATTGATTTGTACCAATCATGATTGGTAGCCCAGATATGGCTTTTCCTAGATTAAATAATATTTCTTTTTGACTTTTACCTCCTTCATTATGTTTATTACTTTTATCATCAATTGTGGAAGTAGGTACTGGTACGGGATGAACTGTCTATCCTCCTTTAAGTTCTATACAAAGCCATTCAGGAGCTTCAGTAGATTTAGCTATTTTTAGTTTACATTTGTCAGGAGCTTCATCTATTTTGGGAGCAATTAATTTTATTTCTACAATTTTAAATATGCGTAATCCTGGACAAACATTTTATAGAATTCCTTTATTTGTTTGATCAATTTTTGTAACTGCATTTTTATTATTATTAGCAGTTCCTGTATTAGCAGGAGCAATAACTATGTTATTAACTGATAGAAATTTTAATACCTCTTTTTTTGATCCATCAGGAGGAGGTGACCCTATTTTATATCAACATTTATTT-----------------------
ARS02523;Janczewskia;hawaiiana;NA;-----------------------TACTTTATATTTAATTTTTGGTACTTTTTCTGGTGTATTGGGAGGTTGTATGTCAATGTTAATTCGAATGGAATTAGCCCAACCAGGTAATCATTTACTTTTAGGTAATCATCAAGTTTATAATGTTTTAATAACAGCGCACGCATTTTTAATGATATTTTTTATGGTTATGCCAATTATGATTGGAGGTTTTGGTAATTGATTTGTACCAATTATGATTGGAAGTCCAGATATGGCTTTCCCTAGATTAAATAATATTTCTTTTTGACTTTTACCTCCTTCATTATGCTTATTACTTTTATCTTCAATTGTAGAAGTAGGTACTGGTACAGGATGAACTGTTTATCCTCCTTTAAGTTCTATACAAAGTCATTCTGGAGCTTCAGTTGATTTGGCTATTTTTAGCTTACATTTATCTGGAGCTTCATCTATTTTAGGTGCAGTTAATTTTATTTCTACAATTTTAAATATGCGTAATCCAGGACAAACTTTTTATAGAATTCCTTTATTTGTTTGATCAATTTTTGTAACTGCGTTTTTATTATTGTTAGCAGTTCCTGTATTAGCAGGGGCAATAACTATGTTATTAACTGATAGAAATTTTAATACTTCTTTTTTTGATCCATCAGGAGGAGGTGATCCTATTTTATACCAACACTTGTTC-----------------------
ARS02524;Laurencia;mcdermidiae;NA;-----------------------TACTTTGTACTTAATTTTTGGTACTTTTTCTGGTGTATTAGGAGGTTGTATGTCAATGTTAATTCGAATGGAATTAGCGCAACCAGGTAATCATTTACTTTTAGGTAATCACCAAGTTTACAATGTGTTAATAACAGCCCATGCATTTTTAATGATTTTTTTTATGGTTATGCCAGTAATGATTGGGGGTTTTGGTAATTGATTTATACCAATTATGATTGGAAGTCCAGATATGGCTTTTCCTAGATTAAATAATATATCGTTTTGACTTTTACCCCCTTCATTATGTTTATTACTTTTATCTTCAATTGTAGAAGTAGGAACAGGTACGGGTTGAACGGTCTACCCTCCTTTAAGTTCTATTCAAAGCCATTCAGGAGCTTCAGTTGATCTAGCAATTTTTAGCTTACATTTATCAGGAGCTTCATCTATTTTAGGAGCAGTTAATTTTATTTCTACGATTTTAAATATGCGTAATCCTGGACAAACATTTTATAGAATTCCATTATTTGTTTGATCAATTTTTGTTACTGCGTTTTTATTATTATTAGCAGTTCCTGTATTAGCAGGAGCTATAACTATGTTATTAACTGATAGAAATTTCAATACTTCGTTTTTTGATCCAGCAGGAGGAGGTGACCCAATTTTATATCAACATTTATTT-----------------------
B3;NA;NA;NA;--------------------------------------------------------------------------------------------------------------------------GGTGCTTTTGCAGGTGTACTAGGAGGTTGTATGTCAATGTTAATTCGTATGGAATTGGCACAACCAGGTAACCATTTACTTTTAGGTAATCATCAAGTTTACAATGTTTTAATAACTGCACATGCCTTTTTAATGATTTTTTTTATGGTTATGCCTGTAATGATCGGTGGTTTTGGTAATTGATTTGTACCAATTATGATAGGCAGCCCAGATATGGCGTTTCCTAGATTAAATAATATTTCGTTTTGACTTTTACCACCATCATTGTGTTTATTGCTTTTGTCCTCAATTGTAGAGGTTGGTACTGGTACTGGTTGGACAGTGTACCCACCACTTAGTTCAATACAAAGTCATTCGGGAGCTTCTGTTGATTTAGCTATTTTTAGCTTGCATTTATCTGGAGCTTCTTCTATTTTAGGTGCAATTAATTTTATATCTACAATTTTAAATATGCGTAATCCAGGACAAACGTTTTACAGAATTCCATTGTTTGTTTGATCAATTTTTGTAACTGCTTTTTTATTATTACTAGCTGTGCCTGTTTTAGCAGGTGCAATAACAATGTTATTAACTGATAGAAATTTTAACACTTCTTTTTT-------------------------------------------------------------------------------------
B5D;NA;NA;NA;--------------------------------------------------------------------------------------------------------------------------GGTGCTTTTTCTGGTGTTTTAGGGGGTTGCATGTCAATGTTAATAAGAATGGAACTTGCTCAACCTGGTAATCATTTACTTTTAGGTAATCACCAAGTTTATAATGTTTTAATAACTGCGCACGCATTTTTAATGATTTTTTTTATGGTAATGCCAGTAATGATTGGAGGTTTTGGTAATTGATTTGTACCCATTATGATTGGAAGTCCTGATATGGCTTTTCCTAGATTAAATAATATATCTTTTTGATTATTACCTCCTTCTTTATGTTTATTATTACTATCTTCAGTCGTGGAAGTAGGTACAGGTACAGGTTGAACTGCTTACCCGCCACTTAGTTCAATACAAAGCCATTCTGGAGCTTCAGTTGATTTAGCAATTTTTAGTTTACATTTATCAGGTGCTTCATCTATTTTAGGTGCAATTAATTTTATTTCTACAATTTTAAATATGCGTAATCCAGGCCAAACTTTTTATAGAATTCCTTTATTTGTATGATCAATATTTGTTACTGCATTTTTATTATTACTAGCTGTACCAGTGTTAGCAGGTGCGATAACTATGTTATTAACAGATAGAAACTTTAATACTTCTTTTTT-------------------------------------------------------------------------------------
B8;NA;NA;NA;-------------------------------------------------------------------------------------------------------TACTTTATATTTAATTTTTGGAGCTTTTTCTGGTGTGTTAGGAGGTTGTATGTCAATGTTAATTCGAATGGAATTGGCCCAACCAGGTAATCATTTACTTTTAGGTAATCATCAAGTTTATAATGTTTTAATAACAGCACATGCGTTTTTAATGATATTTTTTATGGTTATGCCAGTAATGATTGGAGGTTTTGGTAATTGATTTGTCCCAATCATGATTGGGAGTCCAGATATGGCTTTTCCTAGACTAAATAATATTTCTTTTTGACTTTTACCCCCTTCGTTATGTTTATTACTTTTATCGTCAATTGTGGAAGTGGGTACTGGTACAGGATGAACCGTTTATCCTCCTTTAAGTTCTATACAAAGTCATTCAGGAGCTTCAGTAGATTTAGCTATTTTTAGTTTACATTTATCAGGAGCTTCATCTATTTTAGGAGCAGTTAATTTTATTTCTACAATTTTAAATATGCGTAATCCAGGACAAACATTTTACAGAATTCCTTTGTTTGTTTGATCAATTTTTGTAACTGCATTCTTATTATTATTAGCAGTTCCTGTATTAGCAGGAGCAATAACTATGTTACTAACTGATAGGAATTTTAACACTTCtTTTTTTGACCCATC----------------------------------------------------------------------------
BDR0200;Rhodomelaceae;NA;GuyaneFrancaise;--------------------------------------------------------------------------------------------------------ACTTTATATTTAATTTTTGGTGCTTTTTCTGGAATTATAGGAGGTTGTATGTCAATGTTAATTCGAATGGAGTTAGCTCAACCAGGTAATCATTTACTTTTAGGTAATCATCAAGTTTATAATGTTTTAATAACAGCACATGCATTTCTAATGATATTTTTTATGGTTATGCCTATAATGATTGGAGGTTTTGGTAATTGATTTGTACCTATAATGATTGGAAGTCCGGATATGGCTTTTCCTAGATTGAACAATATTTCTTTTTGACTTTTACCCCCTTCATTGTGTTTATTACTTTTATCATCAATTGTGGAAGTAGGTACTGGTACAGGTTGAACTGTTTACCCCCCTTTAAGTTCTATACAAAGCCATTCAGGTGCTTCAGTTGATTTAGCTATTTTTAGTTTACACTTATCAGGTGCTTCGTCTATTTTAGGCGCGTTAAATTTTATTTCTACAATTCTAAATATGCGTAATCCAGGACAAACATTTTACAGGATTCCTTTATTTGTTTGGTCTATTTTTGTAACTGCGTTTTTATTATTGTTAGCGGTTCCTGTTTTAGCAGGAGCAATAACTATGTTGTTAACTGACAGAAATTTTAACACTTCTTTTTTTGATCCATCAGGAGGAGGTGATCCTATTTTATATCAACATTTATTT---------------------------------------
BDR0201;Rhodomelaceae;NA;GuyaneFrancaise;--------------------------------------------------------------------------------------------------------ACTTTATATTTAATTTTTGGTGCTTTTTCTGGAATTATAGGAGGTTGTATGTCAATGTTAATTCGAATGGAGTTAGCTCAACCAGGTAATCATTTACTTTTAGGTAATCATCAAGTTTATAATGTTTTAATAACAGCACATGCATTTCTAATGATATTTTTTATGGTTATGCCTATAATGATTGGAGGTTTTGGTAATTGATTTGTACCTATAATGATTGGAAGTCCGGATATGGCTTTTCCTAGATTGAACAATATTTCTTTTTGACTTTTACCCCCTTCATTGTGTTTATTACTTTTATCATCAATTGTGGAAGTAGGTACTGGTACAGGTTGAACTGTTTACCCCCCTTTAAGTTCTATACAAAGCCATTCAGGTGCTTCAGTTGATTTAGCTATTTTTAGTTTACACTTATCAGGTGCTTCGTCTATTTTAGGCGCGTTAAATTTTATTTCTACAATTCTAAATATGCGTAATCCAGGACAAACATTTTACAGGATTCCTTTATTTGTTTGGTCTATTTTTGTAACTGCGTTTTTATTATTGTTAGCGGTTCCTGTTTTAGCAGGAGCAATAACTATGTTGTTAACTGACAGAAATTTTAACACTTCTTTTTTTGATCCATCAGGAGGAGGTGATCCTATTTTATATCAACATTTATTT---------------------------------------
BDR0202;Rhodomelaceae;NA;GuyaneFrancaise;--------------------------------------------------------------------------------------------------------ACTTTATATTTAATTTTTGGTGCTTTTTCTGGAATTATAGGAGGTTGTATGTCAATGTTAATTCGAATGGAGTTAGCTCAACCAGGTAATCATTTACTTTTAGGTAATCATCAAGTTTATAATGTTTTAATAACAGCACATGCATTTCTAATGATATTTTTTATGGTTATGCCTATAATGATTGGAGGTTTTGGTAATTGATTTGTACCTATAATGATTGGAAGTCCGGATATGGCTTTTCCTAGATTGAACAATATTTCTTTTTGACTTTTACCCCCTTCATTGTGTTTATTACTTTTATCATCAATTGTGGAAGTAGGTACTGGTACAGGTTGAACTGTTTACCCCCCTTTAAGTTCTATACAAAGCCATTCAGGTGCTTCAGTTGATTTAGCTATTTTTAGTTTACACTTATCAGGTGCTTCGTCTATTTTAGGCGCGTTAAATTTTATTTCTACAATTCTAAATATGCGTAATCCAGGACAAACATTTTACAGGATTCCTTTATTTGTTTGGTCTATTTTTGTAACTGCGTTTTTATTATTGTTAGCGGTTCCTGTTTTAGCAGGAGCAATAACTATGTTGTTAACTGACAGAAATTTTAACACTTCTTTTTTTGATCCATCAGGAGGAGGTGATCCTATTTTATATCAACATTTATTT---------------------------------------
BDR0203;Rhodomelaceae;NA;GuyaneFrancaise;--------------------------------------------------------------------------------------------------------ACTTTATATTTAATTTTTGGTGCTTTTTCTGGAATTATAGGAGGTTGTATGTCAATGTTAATTCGAATGGAGTTAGCTCAACCAGGTAATCATTTACTTTTAGGTAATCATCAAGTTTATAATGTTTTAATAACAGCACATGCATTTCTAATGATATTTTTTATGGTTATGCCTATAATGATTGGAGGTTTTGGTAATTGATTTGTACCTATAATGATTGGAAGTCCGGATATGGCTTTTCCTAGATTGAACAATATTTCTTTTTGACTTTTACCCCCTTCATTGTGTTTATTACTTTTATCATCAATTGTGGAAGTAGGTACTGGTACAGGTTGAACTGTTTACCCCCCTTTAAGTTCTATACAAAGCCATTCAGGTGCTTCAGTTGATTTAGCTATTTTTAGTTTACACTTATCAGGTGCTTCGTCTATTTTAGGCGCGTTAAATTTTATTTCTACAATTCTAAATATGCGTAATCCAGGACAAACATTTTACAGGATTCCTTTATTTGTTTGGTCTATTTTTGTAACTGCGTTTTTATTATTGTTAGCGGTTCCTGTTTTAGCAGGAGCAATAACTATGTTGTTAACTGACAGAAATTTTAACACTTCTTTTTTTGATCCATCAGGAGGAGGTGATCCTATTTTATATCAACATTTATTT---------------------------------------
BDR0291;Rhodomelaceae;NA;GuyaneFrancaise;--------------------------------------------------------------------------------------------------------ACTTTATATTTAATTTTTGGTGCTTTTTCTGGAATTATAGGAGGTTGTATGTCAATGTTAATTCGAATGGAGTTAGCTCAACCAGGTAATCATTTACTTTTAGGTAATCATCAAGTTTATAATGTTTTAATAACAGCACATGCATTTCTAATGATATTTTTTATGGTTATGCCTATAATGATTGGAGGTTTTGGTAATTGATTTGTACCTATAATGATTGGAAGTCCGGATATGGCTTTTCCTAGATTGAACAATATTTCTTTTTGACTTTTACCCCCTTCATTGTGTTTATTACTTTTATCATCAATTGTGGAAGTAGGTACTGGTACAGGTTGAACTGTTTACCCCCCTTTAAGTTCTATACAAAGCCATTCAGGTGCTTCAGTTGATTTAGCTATTTTTAGTTTACACTTATCAGGTGCTTCGTCTATTTTAGGCGCGTTAAATTTTATTTCTACAATTCTAAATATGCGTAATCCAGGACAAACATTTTACAGGATTCCTTTATTTGTTTGGTCTATTTTTGTAACTGCGTTTTTATTATTGTTAGCGGTTCCTGTTTTAGCAGGAGCAATAACTATGTTGTTAACTGACAGAAATTTTAACACTTCTTTTTTTGATCCATCAGGAGGAGGTGATCCTATTTTATATCAACATTTATTT---------------------------------------
C5;Laurencia;nipponica;NA;-----------------------TACCTTGTATTTAATTTTTGGTGCTTTTTCTGGTGTATTAGGAGGTTGTATGTCAATGTTAATTCGAATGGAATTAGCCCAGCCGGGTAATCATTTACTTTTAGGTAATCATCAAGTTTACAACGTTTTAATAACAGCACACGCATTTTTAATGATATTTTTTATGGTTATGCCAGTAATGATTGGAGGTTTCGGTAATTGATTTGTACCAATCATGATTGGTAGTCCAGATATGGCTTTTCCTAGATTAAATAATATTTCTTTTTGACTTTTACCTCCTTCACTATGTTTATTACTTTTATCATCAATTGTGGAAGTAGGTACTGGTACGGGATGAACTGTCTATCCTCCTTTAAGTTCTATACAAAGCCATTCAGGAGCTTCAGTAGATTTAGCTATTTTTAGTTTACATTTGTCAGGAGCTTCATCTATTTTGGGAGCAATTAATTTTATTTCTACAATTTTAAATATGCGTAATCCTGGACAAACATTTTATAGAATTCCTTTATTTGTTTGATCAATTTTTGTAACTGCATTTTTATTATTATTAGCAGTTCCTGTATTAGCAGGAGCAATAACTATGTTATTAACTGATAGAAATTTTAATACCTCTTTTTTTGATCCATCAGGAGGAGGTGACCCTATTTTATATCAACATTTATTT-----------------------
EXP0025;NA;NA;NA;---------------------------------------------------------------------------------------------------------------------TTTTTGGTGCATTTGCAGGTGTACTAGGAGGATGTATGTCAATGTTAATTCGTATGGAATTGGCACAACCAGGTAACCATTTACTTTTAGGTAATCATCAAGTTTACAATGTTTTAATAACTGCACACGCCTTTTTAATGATTTTTTTTATGGTTATGCCTGTAATGATCGGAGGTTTTGGTAATTGATTTGTACCAATTATGATAGGTAGTCCAGATATGGCGTTTCCTAGATTAAATAATATTTCGTTTTGACTTTTACCACCATCATTGTGTTTATTGCTTTTGTCCTCAATTGTAGAGGTTGGTGCTGGTACTGGATGAACAGTGTACCCACCACTTAGTTCAATACAAAGTCATTCGGGAGCTTCTGTTGATTTAGCTATTTTTAGCTTGCATTTATCTGGAGCTTCTTCTATTTTAGGTGCAATTAATTTTATATCTACAATTTTAAATATGCGTAATCCAGGACAAACGATGTACAGAATTCCATTGTTTGTTTGATCAATTTTTGTAACTGCTTTTTTATTATTACTAGCTGTGCCTGTTTTAGCAGGTGCTATAACAATGTTATTAACTGATAGAAATTTTAACACTTCTTTTTT
EXP13;NA;NA;NA;-----------------------------------------------------------------------------------------------------------------------------------------------GGAGGTTGTATGTCAATGTTAATTCGTATGGAATTNGCACAACCAGGTAACCATTTACTTTTAGGTAATCATCAAGTTTACAATGTTTTAATAACTGCACACGCCTTTTTAATGATTTTTTTTATGGTTATGCCTGTAATGATCGGAGGTTTTGGTAATTGATTTGTACCAATTATGATAGGTAGTCCAGATATGGCGTTTCCTAGATTAAATAATATTTCTTTTTGATTTTTACCACCATCTTTGTGTTTATTGCTTTTGTCCTCAATTGTAGAGGTTGGAACTGGTACTGGATGGCCAGTGTACCCACCACTTAGTTCAATACAAAGTCATTCGGGAGCTTCTGTTGATTTAGCTATTTTTAGCTTNCATTTATCTGGAGCTTCTTCTATTTTAGGTGCAATTAATTTTATATCTACAATTTTAAATATGCGTAATCCAGGACAAACATTTTACAGAATTCCATTGTTTGTTTGATCAATTTTTGTAACTGCTTTTTTATTATTACTACCTGTGCCTGTTTTAGCAGGTGCAATAACAATGTTATTAACTGATAGAAATTTTAACACTTCTTTTTT-------------------------------------------------------------------------------------
EXP14;NA;NA;NA;--------------------------------------------------------------------------------------------------------ACTTTATATTTAATTTTTGGTGCCTTTTCTGGTGTATTAGGAGGTTGTATGTCAATGTTGATTCGAATGGAGTTAGCTCAACCAGGTAATCATTTACTTTTAGGTAATCATCAAGTTTACAATGTTTTAATAACAGCACATGCATTTTTAATGATATTTTTTATGGTTATGCCAGTAATGATTGGAGGTTTTGGTAATTGATTTGTACCAATTATGATTGGAAGTCCAGATATGGCTTTTCCTAGATTAAATAACATTTCTTTTTGACTTTTACCTCCTTCATTATGTTTATTACTTTTATCATCAATTGTAGAGGTAGGTACTGGTACAGGATGAACTGTTTACCCACCTTTAAGTTCTATACAAAGTCATTCAGGAGCTTCAGTTGATTTAGCTATTTTTAGTTTACATTTATCAGGAGCTTCATCTATTTTAGGTGCAGTTAATTTTATTTCTACAATTTTAAATATGCGTAACCCTGGACAAACATTTTATAGAATTCCTTTATTTGTTTGATCAATTTTTGTAACTGCCTTTTTATTATTATTAGCAGTTCCTGTTTTAGCAGGAGCAATAACTATGTTATTAACTGATAGAAATTTTAATACTTCTTTTTTTGATCCATCAGGAGGAGGTGATCCTATTTTATACCAACAT---------------------------------------------
EXP15;NA;NA;NA;-----------------------------------------------------------------------------------------------------------------------TTTGGTGCTTTTTCTGGAGTATTGGGAGGTTGTATGTCAATGTTAATTCGAATGGAATTAGCCCAACCAGGTAATCATTTACTTTTAGGTAATCATCAAGTTTACAATGTTTTAATAACAGCACATGCATTTTTAATGATATTTTTTATGGTTATGCCAGTAATGATTGGAGGTTTTGGTAACTGATTTGTACCAATTATGATTGGAAGTCCAGATATGGCTTTTCCTAGATTAAACAACATTTCTTTTTGACTTTTACCTCCTTCATTATGTTTGTTACTTTTATCTTCAATTGTAGAAGTAGGGACTGGTACAGGGTGAACTGTTTATCCTCCTTTAAGTTCTATCCAAAGTCATTCAGGAGCTTCAGTTGATTTGGCTATTTTTAGTTTACATTTATCAGGTGCTTCATCTATTTTAGGTGCARTTAATTTTATTTCTACAATTTTAAATATGCGTAATCCGGGACAAACTTTTTACAGAATTCCTTTATTTGTTTGATCAATTTTTGTAACTGCGTTTTTGTTATTGTTAGCAGTTCCTGTATTAGCAGGAGCAATAACTATGTTATTAACTGATAGAAATTTTAATACTTCTTTTTTTGATCCATCAGGAGGAGGAGATCCTGTTTTATATCAACATCTGTTT---------------------------------------
EXP16;NA;NA;NA;-----------------------------------------------------------------------------------------------------------------------TTTGGTGCTTTTTCTGGTGTATTGGGAGGTTGTATGTCAATGTTAATTCGAATGGAATTAGCCCAACCAGGTAATCATTTACTTTTAGGTAATCATCAAGTTTACAATGTTTTAATAACAGCACATGCATTTTTAATGATATTTTTTATGGTTATGCCAGTAATGATTGGAGGTTTTGGTAACTGATTTGTACCAATTATGATTGGAAGTCCAGATATGGCTTTTCCTAGATTAAACAACATTTCTTTTTGACTTTTACCTCCTTCATTATGTTTGTTACTTTTATCTTCAATTGTAGAAGTAGGGACTGGTACAGGGTGAACTGTTTATCCTCCTTTAAGTTCTATCCAAAGTCATTCAGGAGCTTCAGTTGATTTGGCTATTTTTAGTTTACATTTATCAGGTGCTTCATCTATTTTAGGTGCAGTTAATTTTATTTCTACAATTTTAAATATGCGTAATCCGGGACAAACTTTTTACAGAATTCCTTTATTTGTTTGATCAATTTTTGTAACTGCGTTTTTGTTATTGTTAGCAGTTCCTGTATTAGCAGGAGCAATAACTATGTTATTAACTGATAGAAATTTTAATACTTCTTTCTTTGATCCATCAGGAGGAGGTGATCCTGTTTTATATCAACATCTGTTT---------------------------------------
FRA1023;NA;NA;NA;--------------------------------------------------------------------------------------------------------ACTTTATATTTAATTTTTGGAGCTTTTGCTGGTGTATTAGGAGGTTGTATGTCAATGTTAATTCGTATGGAATTAGCTCAACCAGGTAACCATTTACTTTTAGGTAATCATCAAGTTTACAATGTTTTAATAACTGCGCATGCATTTTTAATGATTTTTTTTATGGTTATGCCAGTAATGATTGGAGGTTTTGGTAATTGATTTGTTCCTATTATGATTGGAAGTCCTGATATGGCATTTCCTAGATTAAATAATATTTCATTTTGACTTTTACCCCCAAGTTTGTGTTTATTACTTTTATCCTCAATTGTAGAAGTTGGTACAGGAACTGGTTGAACAGTTTACCCACCTTTGAGTTCAATACAAAGTCATTCAGGAGCTTCAGTGGACTTAGCTATTTTTAGTTTGCATCTTTCAGGAGCTTCATCTATACTAGGTGCAATTAATTTTATTTCTACAATTCTAAATATGCGTAACCCAGGTCAAACATTTTATAGAATTCCTTTATTTGTCTGATCAATTTTTGTAACTGCCTTTTTATTATTGTTAGCAGTACCGGTTTTAGCTGGTGCAATAACCATGTTATTAACTGACAGAAATTTTAATACTTCGTTTTTCGATCCTTCAGGTGGAGGTGATCCTATTTTATATCAACATTTATTT
FRA1096a;NA;NA;NA;---------------------------------------------------------------------------------------------------------------------------------------GAATTATAGGAGGTTGTATGTCAATGTTAATTCGAATGGAACTAGCTCAACCAGGTAATCATTTACTTTTAGGTAATCATCAAGTTTATAATGTTTTGATAACAGCACATGCATTTCTAATGATATTTTTTATGGTTATGCCTATAATGATTGGAGGCTTCGGTAATTGATTTGTACCTATAATGATTGGAAGTCCGGATATGGCTTTTCCTAGACTAAACAATATTTCTTTTTGACTTTTACCCCCCTCATTATGTTTATTACTTTTATCATCAATTGTAGAAGTAGGTACTGGTACAGGTTGAACTGTTTACCCCCCTTTAAGTTCTATACAAAGCCATTCAGGTGCTTCAGTTGATTTAGCTATTTTTAGTTTACATTTATCAGGTGCTTCATCTATTTTGGGCGCATTAAATTTTATTTCTACAATTTTAAATATGCGTAATCCAGGACAAACATTTTACAGGATTCCTTTATTTGTTTGATCAATTTTTGTAACTGCATTTTTATTGTTGTTAGCGGTTCCTGTTTTAGCAGGAGCAATAACTATGTTGTTAACTGATAGAAATTTTAACACTTCTTTTTTTGATCCATCAGGAGGAGGTGATCCTATTTTATATCAACATTTA------------------------------------------
FRA1239;Yuzura;sp4;Guadeloupe;---------------------------------------------------------------------------------------------------------------------------------------------------------------TGTTAATTCGTATGGAATTAGCTCAACCAGGTAATCATTTGCTTTTAGGTAATCATCAAGTTTATAATGTTTTAATAACTGCACATGCATTTTTGATGATTTTCTTTATGGTTATGCCAGTAATGATTGGTGGTTTTGGTAATTGATTTGTTCCAATTATGATTGGAAGTCCTGATATGGCATTTCCTAGACTGAATAATATTTCATTTTGACTTTTACCTCCAAGTTTGTGTTTATTACTTTTATCTTCAATTGTAGAAGTAGGGACAGGAACTGGTTGAACAGTTTACCCACCTTTAAGTTCAATACAAAGTCATTCAGGAGCTTCAGTGGATTTGGCTATTTTTAGTTTACATCTTTCAGGAGCTTCATCTATATTAGGTGCAATTAATTTCATTTCTACAATTTTAAATATGCGTAACCCAGGCCAAACATTTTATAGAATTCCTTTATTTGTTTGATCAATTTTTGTAACTGCTTTTTTATTATTACTAGCAGTACCAGTGTTAGCAGGTGCAATAACTATGTTATTAACTGATAGAAATTTTAATACTTC-------------------------------------------------------------------------------------------
FRA1395;Chondrophycus;sp2;Guadeloupe;----------------------------------------------------------------------------------------------------------------------------------------------------------------------------------------------------------------------------TTATAATGTTTTAATAACCGCGCATGCGTTTTTAATGATTTTTTTTATGGTTATGCCAGTAATGATTGGAGGTTTTGGTAATTGATTTGTACCAATTATGATAGGTAGTCCAGATATGGCATTTCCTAGATTAAATAATATTTCGTTTTGACTTTTACCTCCTTCGTTATGCTTATTACTTTTATCTTCAATTGTGGAAGTTGGTACTGGTACTGGTTGAACTGTATACCCTCCGTTAAGTTCAATACAAAGTCATTCTGGAGCTTCAGTAGATCTAGCTATTTTTAGTTTACATTTATCAGGAGCTTCTTCAATTTTAGGTGCTATAAATTTTATTTCTACAATTTTAAATATGCGTAATCCAGGACAAACATTTTATAGAATTCCTTTGTTTGTTTGATCAATTTTTGTAACTGCGTTTTTATTATTATTAGCGGTACCAGTTTTGGCAGGTGCAATTACTATGTTGTTAACTGATAGAAATTTTAATACTTC-------------------------------------------------------------------------------------------
FRA1414;Norfophycus;sp2;Guadeloupe;----------------------------------------------------------------------------------------------------------------------------------------------------------------------------------------------------------------------------TTATAATGTTTTAATAACGGCACATGCTTTTTTAATGATTTTTTTTATGGTTATGCCCGTAATGATTGGTGGTTTTGGTAACTGATTTGTACCAATTATGATAGGAAGCCCAGATATGGCTTTTCCTAGATTAAATAATATTTCTTTTTGATTATTACCTCCTTCTTTATGTCTTTTATTATTATCTTCAATTGTAGAAGTTGGTACAGGTACAGGTTGAACTGTTTACCCACCACTTAGTTCAATACAAAGTCATTCAGGGGCTTCTGTTGATTTAGCTATTTTTAGTTTGCATTTATCAGGGGCTTCTTCAATCTTAGGAGCAATCAATTTTATTTCTACTATTTTAAATATGCGTAACCCTGGACAAACATTTTACAGAATTCCTTTATTTGTTTGATCAATATTTGTTACAGCATTTTTATTATTATTAGCAGTTCCAGTTTTAGCTGGTGCAATAACTATGTTATTAACTGATAGAAATTTTAATACTTC-------------------------------------------------------------------------------------------
FRA1439;Laurencia;catarinensis;Guadeloupe;----------------------------------------------------------------------------------------------------------------------------------------------------------------GTTAATCCGAATGGAATTAGCACAACCGGGTAATCATTTGCTTTTAGGTAATCATCAAGTTTATAATGTTTTAATAACAGCACATGCATTTTTAATGATATTTTTTATGGTTATGCCAGTAATGATTGGGGGTTTTGGTAATTGATTTGTACCAATTATGATTGGGAGTCCAGATATGGCTTTTCCTAGATTAAATAATATTTCTTTTTGACTTTTACCCCCTTCATTGTGTTTATTACTTTTATCTTCAATTGTAGAAGTAGGAACTGGTACAGGTTGAACTGTTTATCCTCCTTTAAGTTCTATACAAAGCCATTCAGGAGCTTCAGTTGATCTTGCAATTTTTAGTTTACATTTGTCAGGAGCTTCATCTATTTTAGGTGCAGTTAATTTTATTTCTACAATTTTAAATATGCGTAATCCAGGACAAACATTTTACAGAATTCCTTTATTTGTTTGATCAATTTTTGTAACTGCGTTTTTATTATTACTAGCAGTTCCTGTATTAGCTGGGGCAATAACTATGTTACTAACTGATAGAAATTTCAATACTTC-------------------------------------------------------------------------------------------
FRA1456;Chondrophycus;sp2;Guadeloupe;---------------------------------------------------------------------------------------------------------------------------------------------------------------TGTTAATTCGTATGGAATTAGCACAACCAGGTAATCATTTATTGTTAGGTAATCACCAAGTTTATAATGTTTTAATAACCGCGCATGCGTTTTTAATGATTTTTTTTATGGTTATGCCAGTAATGATTGGAGGTTTTGGTAATTGATTTGTACCAATTATGATAGGTAGTCCAGATATGGCATTTCCTAGATTAAATAATATTTCGTTTTGACTTTTACCTCCTTCGTTATGCTTATTACTTTTATCTTCAATTGTGGAAGTTGGTACTGGTACTGGTTGAACTGTATACCCTCCGTTAAGTTCAATACAAAGTCATTCTGGAGCTTCAGTAGATCTAGCTATTTTTAGTTTACATTTATCAGGAGCTTCTTCAATTTTAGGTGCTATAAATTTTATTTCTACAATTTTAAATATGCGTAATCCAGGACAAACATTTTATAGAATTCCTTTGTTTGTTTGATCAATTTTTGTAACTGCGTTTTTATTATTATTAGCGGTACCAGTTTTGGCAGGTGCAATTACTATGTTGTTAACTGATAGAAATTTTAATACTT--------------------------------------------------------------------------------------------
FRA1540;Chondrophycus;papillosus;Guadeloupe;---------------------------------------------------------------------------------------------------------------------------------------------------------------TGTTAATTCGTATGGAATTAGCACAACCAGGTAATCATTTACTGTTAGGTAATCATCAAGTTTATAATGTTTTAATAACCGCGCATGCGTTTTTAATGATTTTTTTTATGGTTATGCCAGTAATGATTGGAGGTTTTGGTAATTGATTTGTACCAATTATGATAGGTAGTCCGGATATGGCATTTCCTAGATTAAATAATATTTCGTTTTGACTTTTACCTCCTTCGTTATGCTTACTACTTTTATCTTCAATTGTGGAAGTTGGTACTGGTACTGGTTGAACTGTGTACCCTCCACTAAGTTCAATACAAAGTCACTCTGGAGCTTCAGTAGATCTAGCTATTTTTAGTTTACATTTATCAGGAGCTTCTTCAATTTTAGGTGCCATAAATTTTATTTCTACAATTTTAAATATGCGTAATCCAGGACAAACATTTTATAGAATTCCTTTATTTGTTTGATCAATTTTTGTAACTGCGTTTTTATTATTATTAGCGGTACCAGTTTTGGCGGGTGCAATTACTATGTTGTTAACTGATAGAAATTTTAATACTTC-------------------------------------------------------------------------------------------
FRA1593;Yuzura;sp1;Guadeloupe;---------------------------------------------------------------------------------------------------------------------------------------------------------------TGTTAATTCGTATGGAATTAGCTCAACCAGGTAACCATTTACTTTTAGGTAATCATCAAGTTTACAATGTTTTAATAACTGCGCATGCATTTTTAATGATTTTTTTTATGGTTATGCCAgTAATGATTGGAGGTTTTGGTAATTGATTTGTTCCTATTATGATTGGAAGTCCTGATATGGCATTTCCTAgATTAAATAATATTTCATTTTGACTTTTACCCCCAAGTTTGTGTTTATTACTTTTATCCTCAATTGTAGAAGTTGGTACAGGAACTGGTTGAACAGTTTACCCACCTTTGAGTTCAATACAAAGTCATTCAGGAGCTTCAGTGGACTTAGCTATTTTTAGTTTGCATCTTTCAGGAGCTTCATCTATACTAGGTGCAATTAATTTTATTTCTACAATTCTAAATATGCGTAACCCAGGTCAAACATTTTATAGAATTCCTTTATTTGTCTGATCAATTTTTGTAACTGCCTTTTTATTATTGTTAGCAGTACCGGTTTTAGCTGGTGCAATAACCATGTTATTAACTGACAGAAATTTTAATACTTC-------------------------------------------------------------------------------------------
FRA1632;Chondrophycus;papillosus;Guadeloupe;---------------------------------------------------------------------------------------------------------------------------------------------------------------TGTTAATTCGTATGGAATTAGCACAACCAGGTAATCATTTATTGTTAGGTAATCATCAAGTTTATAATGTTTTAATAACCGCGCATGCGTTTTTAATGATTTTTTTTATGGTTATGCCAGTAATGATTGGAGGTTTTGGTAATTGATTTGTACCAATTATGATAGGTAGTCCGGATATGGCATTTCCTAGATTAAATAATATTTCGTTTTGACTTTTACCTCCTTCGTTATGCTTACTACTTTTATCTTCAATTGTGGAAGTTGGTACTGGTACTGGTTGAACTGTGTACCCTCCACTAAGTTCAATACAAAGTCACTCTGGAGCTTCAGTAGATCTAGCTATTTTTAGTTTACATTTATCAGGAGCTTCTTCAATTTTAGGTGCCATAAATTTTATTTCTACAATTTTAAATATGCGTAATCCAGGACAAACATTTTATAGAATTCCTTTATTTGTTTGATCAATTTTTGTAACTGCGTTTTTATTATTATTAGCGGTACCAGTTTTGGCGGGTGCAATTACTATGTTGTTAACTGATAGAAATTTTAA-------------------------------------------------------------------------------------------------
FRA1698;Chondrophycus;NA;Guadeloupe;---------------------------------------------------------------------------------------------------------------------------------------------------------------TGTTAATTAGAATGGAATTAGCGCAACCAGGAAATCATTTACTTTTAGGAAATCATCAAGTTTACAATGTGTTAATAACAGCACATGCGTTTTTAATGATCTTTTTTATGGTTATGCCAGTAATGATTGGAGGTTTCGGTAATTGATTCGTACCTATTATGATTGGAAGCCCAGATATGGCTTTTCCTAGATTAAATAATATATCTTTTTGACTTTTACCTCCTTCACTTTGTTTACTACTTTTATCTTCAGTTGTAGAAGTAGGAACTGGTACTGGTTGAACTGTTTACCCGCCTTTAAGTTCTATACAAAGTCATTCAGGAGCTTCAGTTGATTTAGCAATTTTTAGTTTACATTTATCAGGAGCTTCATCTATTTTAGGTGCAGTTAATTTTATTTCTACAATCTTAAATATGCGTAACCCAGGACAAACTTTTTATAGAATTCCTTTATTTGTTTGATCAATTTTTGTAACTGCGTTTTTATTATTATTAGCAGTTCCTGTATTAGCAGGAGCAATAACTATGTTATTAACCGATAGAAATTTCAATACTT--------------------------------------------------------------------------------------------
FRA1707;Chondrophycus;sp6;Guadeloupe;---------------------------------------------------------------------------------------------------------------------------------------------------------------TGTTAATTCGTATGGAATTAGCACAACCAGGTAATCATTTACTTTTAGGTAATCATCAGGTTTATAATGTTTTAATAACTGCGCACGCATTTTTAATGATTTTTTTTATGGTTATGCCCATAATGATTGGAGGTTTTGGTAATTGGTTTGTACCAATTATGATAGGAAGTCCTGATATGGCATTTCCTAGATTAAATAATATTTCCTTTTGACTTTTACCTCCTTCATTATGTTTATTACTTTTATCTTCAATTGTGGAAGTTGGTACTGGTACTGGTTGAACTGTTTATCCACCTTTAAGTTCAATACAAAGTCATTCTGGAGCTTCAGTAGATTTAGCTATTTTTAGTTTACACTTATCAGGTGCTTCTTCTATTTTAGGTGCAATAAATTTTATTTCAACAATTTTAAATATGCGTAATCCTGGACAAACATTTTACAGAATACCTTTATTTGTTTGATCAATTTTTGTTACAGCATTTTTATTATTATTAGCTGTACCAGTTTTAGCAGGTGCAATTACTATGTTACTAACTGACAGAAATTTTAATACTT--------------------------------------------------------------------------------------------
FRA1807;Laurenciella;sp2;Guadeloupe;----------------------------------------------------------------------------------------------------------------------------------------------------------------------------------------------------------------------------------------------------------------------------------------AATGATTGGTGGTTTCGGTAATTGGTTTGTACCAATTATGATAGGTAGTCCAGATATGGCTTTTCCTAGATTAAATAATATTTCGTTTTGACTTCTACCACCATCATTATGCTTATTACTTTTATCTTCAATTGTAGAAGTTGGTACTGGTACTGGTTGAACAGTGTATCCACCACTTAGTTCAATACAAAGTCATTCAGGAGCTTCTGTTGATTTAGCTATTTTTAGTTTACATTTATCTGGAGCTTCTTCTATTTTAGGTGCAATTAATTTTATATCTACAATTTTAAATATGCGTAATCCAGGACAAACATTTTACAGAATTCCGTTATTTGTTTGATCAGTTTTTGTAACTGCTTTTTTATTACTATTAGCTTTACCTGTTTTAGCAGGTGCAATAACAATGTTACTAACTGATAGGAATTTTAACACTTC-------------------------------------------------------------------------------------------
FRA2170;Yuzura;sp4;Guadeloupe;---------------------------------------------------------------------------------------------------------------------------------------------------------------TGTTAATTCGTATGGAATTAGCTCAACCAGGTAATCATTTGCTTTTAGGTAATCATCAAGTTTATAATGTTTTAATAACTGCACATGCATTTTTGATGATTTTCTTTATGGTTATGCCAGTAATGATTGGTGGTTTTGGTAATTGATTTGTTCCAATTATGATTGGAAGTCCTGATATGGCATTTCCTAGACTGAATAATATTTCATTTTGACTTTTACCTCCAAGTTTGTGTTTATTACTTTTATCTTCAATTGTAGAAGTAGGGACAGGAACTGGTTGAACAGTTTACCCACCTTTAAGTTCAATACAAAGTCATTCAGGAGCTTCAGTGGATTTGGCTATTTTTAGTTTACATCTTTCAGGAGCTTCATCTATATTAGGTGCAATTAATTTCATTTCTACAATTTTAAATATGCGTAACCCAGGCCAAACATTTTATAGAATTCCTTTATTTGTTTGATCAATTTTTGTAACTGCTTTTTTATTATTACTAGCAGTACCAGTGTTAGCAGGTGCAATAACTATGTTATTAACTGATAGAAATTTTAATACTTC-------------------------------------------------------------------------------------------
FRA2218;Norfophycus;sp2;Guadeloupe;---------------------------------------------------------------------------------------------------------------------------------------------------------------TGTTAATCCGTATGGAGTTAGCTCAACCAGGTAATCATTTACTTTTAGGAAATCATCAAGTTTATAATGTTTTAATAACGGCACATGCTTTTTTAATGATTTTTTTTATGGTTATGCCTaTAATGATTGGTGGTTTTGGTAACTGATTTGTACCAATTATGATAGGAAGCCCAGATATGGCTTTTCCTAGATTAAATAATATTTCTTTTTGATTATTACCTCCTTCTTTATGTCTTTTATTATTATCTTCAATTGTAGAAGTTGGTACAGGTACAGGTTGAACTGTTTACCCACCACTTAGTTCAATACAAAGTCATTCAGGGGCTTCTGTTGATTTAGCTATTTTTAGTTTGCATTTATCAGGGGCTTCTTCAATCTTAGGAGCAATCAATTTTATTTCTACTATTTTAAATATGCGTAACCCTGGACAAACATTTTACAGAATTCCTTTATTTGTTTGATCAATATTTGTTACAGCATTTTTATTATTATTAGCAGTTCCAGTTTTAGCTGGTGCAATAACTATGTTATTAACTGATAGAAATTTTAATACTTC-------------------------------------------------------------------------------------------
FRA2238;Chondrophycus;sp2;Guadeloupe;----------------------------------------------------------------------------------------------------------------------------------------------------------------------------------------------------------------------------TTATAATGTTTTAATAACCGCGCATGCGTTTTTAATGATTTTTTTTATGGTTATGCCAGTAATGATTGGAGGTTTTGGTAATTGATTTGTACCAATTATGATAGGTAGTCCAGATATGGCATTTCCTAGATTAAATAATATTTCGTTTTGACTTTTACCTCCTTCGTTATGCTTATTACTTTTATCTTCAATTGTGGAAGTTGGTACTGGTACTGGTTGAACTGTATACCCTCCGTTAAGTTCAATACAAAGTCATTCTGGAGCTTCAGTAGATCTAGCTATTTTTAGTTTACATTTATCAGGAGCTTCTTCAATTTTAGGTGCTATAAATTTTATTTCTACAATTTTAAATATGCGTAATCCAGGACAAACATTTTATAGAATTCCTTTGTTTGTTTGATCAATTTTTGTAACTGCGTTTTTATTATTATTAGCGGTACCAGTTTTGGCAGGTGCAATTACTATGTTGTTAACTGATAGAAATTTTAATACTTC-------------------------------------------------------------------------------------------
FRA2689;Laurencia;sp5;Guadeloupe;---------------------------------------------------------------------------------------------------------------------------------------------------------------------TTCGAATGGAACTAGCTCAACCAGGTAATCATTTACTTTTAGGTAATCATCAAGTTTATAATGTTTTGATAACAGCACATGCATTTCTAATGATATTTTTTATGGTTATGCCTATAATGATTGGAGGCTTCGGTAATTGATTTGTACCTATAATGATTGGAAGTCCGGATATGGCTTTTCCTAGACTAAACAATATTTCTTTTTGACTTTTACCCCCCTCATTATGTTTATTACTTTTATCATCAATTGTAGAAGTAGGTACTGGTACAGGTTGAACTGTTTACCCCCCTTTAAGTTCTATACAAAGCCATTCAGGTGCTTCAGTTGATTTAGCTATTTTTAGTTTACATTTATCAGGTGCTTCATCTATTTTGGGCGCATTAAATTTTATTTCTACAATTTTAAATATGCGTAATCCAGGACAAACATTTTACAGGATTCCTTTATTTGTTTGATCAATTTTTGTAACTGCATTTTTATTGTTGTTAGCGGTTCCTGTTTTAGCAGGACCAATAACTATGTTGTTAACTGATAGAAATTTTAACACTTC-------------------------------------------------------------------------------------------
FRA3048;NA;NA;NA;-------------------------------------------------------------------------------------------AAAAGATATCGGTACTTTATATTTAATTTTTGGTGCTTTTTCTGGAATTATAGGAGGTTGTATGTCAATGTTAATTCGAATGGAACTAGCTCAACCAGGTAATCATTTACTTTTAGGTAATCATCAAGTTTATAATGTTTTGATAACAGCACATGCATTTCTAATGATATTTTTTATGGTTATGCCTATAATGATTGGAGGCTTCGGTAATTGATTTGTACCTATAATGATTGGAAGTCCGGATATGGCTTTTCCTAGACTAAACAATATTTCTTTTTGACTTTTACCCCCCTCATTATGTTTATTACTTTTATCATCAATTGTAGAAGTAGGTACTGGTACAGGTTGAACTGTTTACCCCCCTTTAAGTTCTATACAAAGCCATTCAGGTGCTTCAGTTGATTTAGCTATTTTTAGTTTACATTTATCAGGTGCTTCATCTATTTTGGGCGCATTAAATTTTATTTCTACAATTTTAAATATGCGTAATCCAGGACAAACATTTTACAGGATTCCTTTATTTGTTTGATCAATTTTTGTAACTGCATTTTTATTATTGTTAGCGGTTCCTGTTTTAGCAGGAGCAATAACTATGTTGTTAACTGATAGAAATTTTAACACTTCTTTTTTTGATCCATCAGGAGGAGGTGATCCTATTTTATATCAACATTTATTTTGATTCTTC
FRA3055;NA;NA;NA;-------------------------------------------------------------------------------------------AAAAGATATCGGTACTTTATATTTGATTTTTGGTGCTTTTGCGGGTGTACTAGGAGGTTGTATGTCAATGTTAATTCGTATGGAATTAGCGCAACCAGGTAACCATTTACTTTTAGGTAATCATCAAATTTATAATGTTTTAATAACTGCACATGCATTTTTGATGATTTTTTTTATGGTTATGCCTGTAATGATAGGGGGATTCGGTAATTGATTTGTACCCATTATGATAGGTAGTCCAGATATGGCATTTCCTAGATTAAATAATATTTCATTTTGACTTTTACCACCATCATTGTGTTTACTACTTTTATCTTCAATTGTTGAGGTTGGTACAGGTACAGGTTGAACAGTATATCCACCACTTAGTTCAATACAAAGTCATTCAGGAGCTTCTGTTGACTTAGCTATTTTTAGTTTACATTTATCTGGAGCTTCATCTATTTTAGGTGCAATTAATTTTATTTCTACAATTTTAAATATGCGCAATCCAGGGCAAACATTTTATAGAATACCATTATTTGTTTGATCAATTTTTGTAACTGCTTTTTTATTATTATTAGCTGTACCTGTGTTAGCAGGTGCTATAACAATGTTATTAACTGATAGAAATTTTAACACTTCTTTTTTTGATCCTTCTGGCGGTGGTGATCCTATTTTATATCAACATTTATTTTGATTCTTC
FRA3088;NA;NA;NA;-------------------------------------------------------------------------------------------TAAAGATATCGGTACTTTATATTTAATTTTTGGTGCTTTTTCTGGAATTATAGGAGGTTGTATGTCAATGTTAATTCGAATGGAACTAGCTCAACCAGGTAATCATTTACTTTTAGGTAATCATCAARTTTATAATGTTTTGATAACAGCACATGCATTTCTAATGATATTTTTTATGGTTATGCCTATAATGATTGGAGGATTCGGTAATTGATTTGTACCTATAATGATTGGAAGTCCGGATATGGCTTTTCCTAGATTAAACAATATTTCTTTTTGACTTTTACCCCCCTCATTATGTTTATTACTTTTATCATCAATTGTAGAAGTAGGTACTGGTACAGGTTGAACTGTTTACCCCCCTTTAAGTTCTATACAAAGCCATTCAGGAGCTTCAGTTGATTTAGCTATTTTTAGTTTACATTTATCAGGWGCTTCATCTATTTTGGGCGCATTAAATTTTATTTCTACAATTTTAAATATGCGTAATCCAGGACAAACATTTTACAGGATTCCTTTATTTGTTTGATCAATTTTTGTAACTGCATTTTTATTATTGTTAGCGGTTCCTGTTTTAGCAGGAGCAATAACTATGTTGTTAACTGATAGAAATTTTAACACTTCTTTTTTTGATCCATCAGGAGGAGGTGATCCTATTTTATATCAACATTTATTTTGATTCTTC
FRA3092;NA;NA;NA;--------------------------------------------------------------------------------------------AAAGATATCGGTACTTTATATTTAATTTTTGGTGCTTTTTCTGGTGTATTAGGAGGTTGTATGTCAATGTTAATCCGAATGGAATTAGCACAACCGGGTAATCATTTGCTTTTAGGTAATCATCAAGTTTATAATGTTTTAATAACAGCACATGCATTTTTAATGATATTTTTTATGGTTATGCCAGTAATGATTGGGGGTTTTGGTAATTGATTTGTACCAATTATGATTGGGAGTCCAGATATGGCTTTTCCTAGATTAAATAATATTTCTTTTTGACTTTTACCCCCTTCATTGTGTTTATTACTTTTATCTTCAATTGTAGAAGTAGGAACTGGTACAGGTTGAACTGTTTATCCTCCTTTAAGTTCTATACAAAGCCATTCAGGAGCTTCAGTTGATCTTGCAATTTTTAGTTTACATTTGTCAGGAGCTTCATCTATTTTAGGTGCAGTTAATTTTATTTCTACAATTTTAAATATGCGTAATCCAGGACAAACATTTTACAGAATTCCTTTATTTGTTTGATCAATTTTTGTAACTGCGTTTTTATTATTACTAGCAGTTCCTGTATTAGCTGGGGCAATAACTATGTTACTAACTGATAGAAATTTTAATACTTCATTTTTTGATCCTTCAGGAGGAGGTGATCCTATTTTATATCAACATTTGTTTTGATTCTTC
FRA3118;NA;NA;NA;----------------------------------------------------------------------------------------------AGATATCGGTACTTTATATTTAATTTTTGGTGCTTTTTCTGGTGTATTAGGAGGTTGTATGTCAATGTTAATCCGAATGGAATTAGCGCAACCGGGTAATCATTTGCTTTTAGGTAATCATCAAGTTTATAATGTTTTAATAACAGCACATGCATTTTTAATGATATTTTTTATGGTTATGCCAGTAATGATTGGGGGTTTTGGTAATTGATTTGTACCAATTATGATTGGGAGTCCAGATATGGCTTTTCCTAGATTAAATAATATTTCTTTTTGACTTTTACCCCCTTCATTGTGTTTATTACTTTTATCTTCAATTGTAGAAGTAGGAACTGGTACAGGTTGAACTGTTTATCCTCCTTTAAGTTCTATACAAAGCCATTCAGGAGCTTCAGTTGATCTTGCAATTTTTAGTTTACATTTGTCAGGAGCTTCATCTATTTTAGGTGCAGTTAATTTTATTTCTACAATTTTAAATATGCGTAATCCAGGACAAACATTTTACAGGATTCCTTTATTTGTTTGATCAATTTTTGTAACTGCGTTTTTATTATTACTAGCAGTTCCTGTATTAGCTGGGGCAATAACTATGTTACTAACTGATAGAAATTTTAATACTTCATTTTTTGATCCTTCAGGAGGAGGTGATCCTATTTTATATCAACATTTGTTTTGATTCTTC
FRA3119;NA;NA;NA;----------------------------------------------------------------------------------------------AGATATCGGTACTTTATATTTAATTTTTGGTGCTTTTTCTGGTGTATTAGGAGGTTGTATGTCAATGTTAATCCGAATGGAATTAGCACAACCGGGTAATCATTTGCTTTTAGGTAATCATCAAGTTTATAATGTTTTAATAACAGCACATGCATTTTTAATGATATTTTTTATGGTTATGCCAGTAATGATTGGGGGTTTTGGTAATTGATTTGTACCAATTATGATTGGGAGTCCAGATATGGCTTTTCCTAGATTAAATAATATTTCTTTTTGACTTTTACCCCCTTCATTGTGTTTATTACTTTTATCTTCAATTGTAGAAGTAGGAACTGGTACAGGTTGAACTGTTTATCCTCCTTTAAGTTCTATACAAAGCCATTCAGGAGCTTCAGTTGATCTTGCAATTTTTAGTTTACATTTGTCAGGAGCTTCATCTATTTTAGGTGCAGTTAATTTTATTTCTACAATTTTAAATATGCGTAATCCAGGACAAACATTTTACAGAATTCCTTTATTTGTTTGATCAATTTTTGTAACTGCGTTTTTATTATTACTAGCAGTTCCTGTATTAGCTGGGGCAATAACTATGTTACTAACTGATAGAAATTTTAATACTTCATTTTTTGATCCTTCAGGAGGAGGTGATCCTATTTTATATCAACATTTGTTTTGATTCTTC
FRA3132;NA;NA;NA;----------------------------------------------------------------------------------------------AGATATCGGTACTTTATATTTAATTTTTGGTGCTTTTTCTGGTGTATTAGGAGGTTGTATGTCAATGTTAATCCGAATGGAATTAGCACAACCGGGTAATCATTTGCTTTTAGGTAATCATCAAGTTTATAATGTTTTAATAACAGCACATGCATTTTTAATGATATTTTTTATGGTTATGCCAGTAATGATTGGGGGTTTTGGTAATTGATTTGTACCAATTATGATTGGGAGTCCAGATATGGCTTTTCCTAGATTAAATAATATTTCTTTTTGACTTTTACCCCCTTCATTGTGTTTATTACTTTTATCTTCAATTGTAGAAGTAGGAACTGGTACAGGTTGAACTGTTTATCCTCCTTTAAGTTCTATACAAAGCCATTCAGGAGCTTCAGTTGATCTTGCAATTTTTAGTTTACATTTGTCAGGAGCTTCATCTATTTTAGGTGCAGTTAATTTTATTTCTACAATTTTAAATATGCGTAATCCAGGACAAACATTTTACAGAATTCCTTTATTTGTTTGATCAATTTTTGTAACTGCATTTTTATTATTATTAGCAGTTCCTGTATTAGCTGGGGCAATAACTATGTTACTAACTGATAGAAATTTCAATACTTCATTTTTTGATCCTTCAGGAGGAGGTGATCCTATTTTATATCAACATTTGTTTTGATTCTTC
FRA3141;NA;NA;NA;----------------------------------------------------------------------------------------------------------TTTATATTTAATTTTTGGTGCTTTTGCTGGTGTATTAGGTGGTTGTATGTCAATGTTAATTCGTATGGAATTAGCACAACCAGGTAATCATTTACTGTTAGGTAATCACCAAGTTTATAATGTTTTAATAACTGCGCATGCGTTTTTAATGATTTTTTTTATGGTTATGCCAGTAATGATTGGAGGTTTTGGTAATTGATTTGTACCAATTATGATAGGTAGTCCAGATATGGCATTTCCTAGATTAAATAATATTTCGTTTTGACTTTTACCTCCTTCGTTATGCTTATTACTCTTATCTTCAATTGTGGAAGTTGGTACTGGTACTGGTTGAACTGTATACCCCCCGCTAAGTTCAATACAAAGTCACTCTGGAGCTTCAGTAGACCTAGCTATTTTTAGTTTACATTTATCTGGAGCTTCTTCAATTTTAGGTGCTATAAATTTTATTTCTACAATTTTAAATATGCGTAATCCAGGACAAACATTTTATAGAATTCCTTTGTTTGTTTGATCAATTTTTGTAACTGCATTTTTATTATTATTAGCGGTACCAGTTTTGGCAGGTGCAATTACTATGTTGCTAACTGATAGAAATTTTAATACTTCATTTTTTCATCCTTCAGGAGGAGGAGACCCTGTTTTATATCAAATTTTT------------
FRA3145;NA;NA;NA;--------------------------------------------------------------------------------------------AAAGATATCGGTACTTTATATTTAATTTTTGGTGCTTTTTCTGGAATTATAGGAGGTTGTATGTCAATGTTAATTCGAATGGAACTAGCTCAACCAGGTAATCATTTACTTTTAGGTAATCATCAAGTTTATAATGTTTTGATAACAGCACATGCATTTCTAATGATATTTTTTATGGTTATGCCTATAATGATTGGAGGCTTCGGTAATTGATTTGTACCTATAATGATTGGAAGTCCGGATATGGCTTTTCCTAGACTAAACAATATTTCTTTTTGACTTTTACCCCCCTCATTATGTTTATTACTTTTATCATCAATTGTAGAAGTAGGTACTGGTACAGGTTGAACTGTTTACCCCCCTTTAAGTTCTATACAAAGCCATTCAGGTGCTTCAGTTGATTTAGCTATTTTTAGTTTACATTTATCAGGTGCTTCATCTATTTTGGGCGCATTAAATTTTATTTCTACAATTTTAAATATGCGTAATCCAGGACAAACATTTTACAGGATTCCTTTATTTGTTTGATCAATTTTTGTAACTGCATTTTTATTATTGTTAGCGGTTCCTGTTTTAGCAGGAGCAATAACTATGTTGTTAACTGATAGAAATTTTAACACTTCTTTTTTTGATCCATCAGGAGGAGGTGATCCTATTTTATATCAACATTTATTTTGATTCTTC
FRA3155;NA;NA;NA;---------------------------------------------------------------------------------------------AAGATATCGGTACTTTATATTTAATTTTTGGTGCTTTTTCTGGAATTATAGGAGGTTGTATGTCAATGTTAATTCGAATGGAACTAGCTCAACCAGGTAATCATTTACTTTTAGGTAATCATCAAGTTTATAATGTTTTGATAACAGCACATGCATTTCTAATGATATTTTTTATGGTTATGCCTATAATGATTGGAGGCTTCGGTAATTGATTTGTACCTATAATGATTGGAAGTCCGGATATGGCTTTTCCTAGACTAAACAATATTTCTTTTTGACTTTTACCCCCCTCATTATGTTTATTACTTTTATCATCAATTGTAGAAGTAGGTACTGGTACAGGTTGAACTGTTTACCCCCCTTTAAGTTCTATACAAAGCCATTCAGGTGCTTCAGTTGATTTAGCTATTTTTAGTTTACATTTATCAGGTGCTTCATCTATTTTGGGCGCATTAAATTTTATTTCTACAATTTTAAATATGCGTAATCCAGGACAAACATTTTACAGGATTCCTTTATTTGTTTGATCAATTTTTGTAACTGCATTTTTATTATTGTTAGCGGTTCCTGTTTTAGCAGGAGCAATAACTATGTTGTTAACTGATAGAAATTTTAACACTTCTTTTTTTGATCCATCAGGAGGAGGTGATCCTATTTTATATCAACATTTATTTTGATTCTTC
FRA3158;NA;NA;NA;----------------------------------------------------------------------------------------------AGATATCGGTACTTTATATTTAATTTTTGGTGCTTTTTCTGGAATTATAGGAGGTTGTATGTCAATGTTAATTCGAATGGAACTAGCTCAACCAGGTAATCATTTACTTTTAGGTAATCATCAAGTTTATAATGTTTTGATAACAGCACATGCATTTCTAATGATATTTTTTATGGTTATGCCTATAATGATTGGAGGCTTCGGTAATTGATTTGTACCTATAATGATTGGAAGTCCGGATATGGCTTTTCCTAGACTAAACAATATTTCTTTTTGACTTTTACCCCCCTCATTATGTTTATTACTTTTATCATCAATTGTAGAAGTAGGTACTGGTACAGGTTGAACTGTTTACCCCCCTTTAAGTTCTATACAAAGCCATTCAGGTGCTTCAGTTGATTTAGCTATTTTTAGTTTACATTTATCAGGTGCTTCATCTATTTTGGGCGCATTAAATTTTATTTCTACAATTTTAAATATGCGTAATCCAGGACAAACATTTTACAGGATTCCTTTATTTGTTTGATCAATTTTTGTAACTGCATTTTTATTATTGTTAGCGGTTCCTGTTTTAGCAGGAGCAATAACTATGTTGTTAACTGATAGAAATTTTAACACTTCTTTTTTTGATCCATCAGGAGGAGGTGATCCTATTTTATATCAACATTTATTTTGATTCTTC
FRA3162;NA;NA;NA;---------------------------------------------------------------------------------------------AAGATATCGGTACTTTATATTTAATTTTTGGTGCTTTTTCTGGAATTATAGGAGGTTGTATGTCAATGTTAATTCGAATGGAACTAGCTCAACCAGGTAATCATTTACTTTTAGGTAATCATCAAGTTTATAATGTTTTGATAACAGCACATGCATTTCTAATGATATTTTTTATGGTTATGCCTATAATGATTGGAGGCTTCGGTAATTGATTTGTACCTATAATGATTGGAAGTCCGGATATGGCTTTTCCTAGACTAAACAATATTTCTTTTTGACTTTTACCCCCCTCATTATGTTTATTACTTTTATCATCAATTGTAGAAGTAGGTACTGGTACAGGTTGAACTGTTTACCCCCCTTTAAGTTCTATACAAAGCCATTCAGGTGCTTCAGTTGATTTAGCTATTTTTAGTTTACATTTATCAGGTGCTTCATCTATTTTGGGCGCATTAAATTTTATTTCTACAATTTTAAATATGCGTAATCCAGGACAAACATTTTACAGGATTCCTTTATTTGTTTGATCAATTTTTGTAACTGCATTTTTATTATTGTTAGCGGTTCCTGTTTTAGCAGGAGCAATAACTATGTTGTTAACTGATAGAAATTTTAACACTTCTTTTTTTGATCCATCAGGAGGAGGTGATCCTATTTTATATCAACATTTATTTTGATTCTTC
FRA3189;NA;NA;NA;----------------------------------------------------------------------------------------------AGATATCGGTACTTTATATTTAATTTTTGGTGCTTTTTCTGGAATTATAGGAGGTTGTATGTCAATGTTAATTCGAATGGAACTAGCTCAACCAGGTAATCATTTACTTTTAGGTAATCATCAAGTTTATAATGTTTTGATAACAGCACATGCATTTCTAATGATATTTTTTATGGTTATGCCTATAATGATTGGAGGCTTCGGTAATTGATTTGTACCTATAATGATTGGAAGTCCGGATATGGCTTTTCCTAGACTAAACAATATTTCTTTTTGACTTTTACCCCCCTCATTATGTTTATTACTTTTATCATCAATTGTAGAAGTAGGTACTGGTACAGGTTGAACTGTTTACCCCCCTTTAAGTTCTATACAAAGCCATTCAGGTGCTTCAGTTGATTTAGCTATTTTTAGTTTACATTTATCAGGTGCTTCATCTATTTTGGGCGCATTAAATTTTATTTCTACAATTTTAAATATGCGTAATCCAGGACAAACATTTTACAGGATTCCTTTATTTGTTTGATCAATTTTTGTAACTGCATTTTTATTATTGTTAGCGGTTCCTGTTTTAGCAGGAGCAATAACTATGTTGTTAACTGATAGAAATTTTAACACTTCTTTTTTTGATCCATCAGGAGGAGGTGATCCTATTTTATATCAACATTTATTTTGATTCTTC
FRA3244;NA;NA;NA;---------------------------------------------------------------------------------------------AAGATATCGGTACTTTATATTTAATTTTTGGTGGTTTTTCTGGAATTATAGGAGGTTGTATGTCAATGTTAATTCGAATGGAGTTAGCTCAACCAGGTAATCATTTACTTTTAGGTAATCACCAAGTTTACAATGTTTTAATAACAGCACACGCATTTCTAATGATATTTTTTATGGTTATGCCTATAATGATTGGAGGTTTTGGTAATTGATTTGTACCTATAATGATTGGAAGTCCGGATATGGCTTTTCCTAGACTGAACAATATTTCTTTTTGACTTTTACCCCCCTCATTATGTTTATTACTTTTATCATCAATTGTGGAAGTAGGTACTGGTACAGGTTGAACTGTTTACCCTCCTTTAAGTTCTATACAAAGCCACTCAGGTGCTTCAGTTGATTTAGCTATTTTTAGTTTACACTTATCAGGTGCTTCATCTATTTTGGGTGCGTTAAATTTTATTTCTACAATTCTAAATATGCGTAATCCAGGACAAACATTTTACAGAATTCCTTTATTTGTTTGGTCGATTTTTGTAACTGCGTTTTTATTATTGTTAGCGGTTCCTGTTTTAGCAGGAGCAATAACTATGTTGTTAACTGATAGAAATTTTAACACTGCTTTTTTTGATCCATCAGGAGGAGGTGATCCTATTTTATATCAACATTTATTTTGATTCTTC
FRA3246;NA;NA;NA;-----------------------------------------------------------------------------------ACAAATTCTAAAGATATCGGTACTTTATATTTGATTTTTGGTGCTTTTGCGGGTGTACTAGGAGGTTGTATGTCAATGTTAATTCGTATGGAATTAGCGCAACCAGGTAACCATTTACTTTTAGGTAATCATCAAATTTATAATGTTTTAATAACTGCACATGCATTTTTGATGATTTTTTTTATGGTTATGCCTGTAATGATAGGGGGATTCGGTAATTGATTTGTACCCATTATGATAGGTAGTCCAGATATGGCATTTCCTAGATTAAATAATATTTCATTTTGACTTTTACCACCATCATTGTGTTTACTACTTTTATCTTCAATTGTTGAGGTTGGTACAGGTACAGGTTGAACAGTATATCCACCACTTAGTTCAATACAAAGTCATTCAGGAGCTTCTGTTGACTTAGCTATTTTTAGTTTACATTTATCTGGAGCTTCATCTATTTTAGGTGCAATTAATTTTATTTCTACAATTTTAAATATGCGCAATCCAGGGCAAACATTTTATAGAATACCATTATTTGTTTGATCAATTTTTGTAACTGCTTTTTTATTATTATTAGCTGTACCTGTGTTAGCAGGTGCTATAACAATGTTATTAACTGATAGAAATTTTAACACTTCTTTTTTTGATCCTTCTGGCGGTGGTGATCCTATTTTATATCAACATTTATTTTGATTCTTC
FRA3266;NA;NA;NA;------------------------------------------------------------------------------------------------ATATCGGTACCTTATATTTAATTTTTGGTGCTTTTTCTGGTGTATTAGGAGGTTGTATGTCGATGTTAATTAGAATGGAATTAGCGCAACCAGGAAATCATTTACTTTTAGGAAATCATCAAGTTTACAATGTGTTAATAACAGCACATGCGTTTTTAATGATCTTTTTTATGGTTATGCCAGTAATGATTGGAGGTTTCGGTAATTGATTCGTACCTATTATGATTGGAAGCCCAGATATGGCTTTTCCTAGATTAAATAATATATCTTTTTGACTTTTACCTCCTTCACTTTGTTTACTACTTTTATCTTCAGTTGTAGAAGTAGGAACTGGTACTGGTTGAACTGTTTACCCGCCTTTAAGTTCTATACAAAGTCATTCAGGAGCTTCAGTTGATTTAGCAATTTTTAGTTTACATTTATCAGGAGCTTCATCTATTTTAGGTGCAGTTAATTTTATTTCTACAATCTTAAATATGCGTAACCCAGGACAAACTTTTTATAGAATTCCTTTATTTGTTTGATCAATTTTTGTAACTGCGTTTTTATTATTATTAGCAGTTCCTGTATTAGCAGGAGCAATAACTATGTTATTAACCGATAGAAATTTCAATACTTCATTTTTTGATCCATCAGGAGGAGGTGATCCTATTTTATACCAACATTTGTTTTGATTCTTC
FRA3294;NA;NA;NA;------------------------------------------------------------------------------------------ATAAAGATATCGGTACTTTATATTTAATTTTTGGTGCTTTTTCTGGTGTATTAGGAGGTTGTATGTCAATGTTAATCCGAATGGAATTAGCACAACCGGGTAATCATTTGCTTTTAGGTAATCATCAAGTTTATAATGTTTTAATAACAGCACATGCATTTTTAATGATATTTTTTATGGTTATGCCAGTAATGATTGGGGGTTTTGGTAATTGATTTGTACCAATTATGATTGGGAGTCCAGATATGGCTTTTCCTAGATTAAATAATATTTCTTTTTGACTTTTACCCCCTTCATTGTGTTTATTACTTTTATCTTCAATTGTAGAAGTAGGAACTGGTACAGGTTGAACTGTTTATCCTCCTTTAAGTTCTATACAAAGCCATTCAGGAGCTTCAGTTGATCTTGCAATTTTTAGTTTACATTTGTCAGGAGCTTCATCTATTTTAGGTGCAGTTAATTTTATTTCTACAATTTTAAATATGCGTAATCCAGGACAAACATTTTACAGAATTCCTTTATTTGTTTGATCAATTTTTGTAACTGCGTTTTTATTATTACTAGCAGTTCCTGTATTAGCTGGGGCAATAACTATGTTACTAACTGATAGAAATTTCAATACTTCATTTTTTGATCCTTCAGGAGGAGGTGATCCTATTTTATATCAACATTTGTTTTGATTCTTC
FRA3320;NA;NA;NA;-------------------------------------------------------------------------------------AAATTCAAAAGATATCGGTACTTTATATTTAATTTTTGGTGCTTTTTCTGGTGTGTTAGGAGGTTGTATGTCAATGTTAATTCGTATGGAATTAGCTCAACCAGGCAATCATTTACTCTTAGGTAATCACCAAATTTACAATGTTTTAATAACAGCACATGCATTTTTAATGATATTTTTTATGGTTATGCCTGTAATGATCGGAGGTTTTGGTAATTGATTTGTACCCATCATGATTGGTAGTCCAGATATGGCTTTTCCAAGATTAAATAATATATCTTTTTGACTTTTACCCCCCTCACTATGTTTATTACTTTTATCATCAATCGTAGAGGTAGGTACAGGTACAGGATGAACTGTATACCCTCCTTTAAGTTCTATACAAAGCCATTCAGGAGCTTCAGTTGATTTAGCTATTTTTAGCTTACATTTATCAGGAGCATCATCTATTTTAGGAGCGGTTAATTTTATCTCTACAATTTTAAATATGCGTAATCCCGGACAAACATTTTATAGAATTCCTTTATTTGTTTGGTCAATTTTTGTAACTGCATTTTTATTACTATTAGCAGTTCCTGTATTAGCAGGAGCAATAACTATGTTACTAACGGATAGAAATTTTAATACTTCTTTTTTTGATCCGTCAGGAGGAGGAGACCCTATTCTGTATCAACATTTATTTTGATTCTTC
FRA3335;NA;NA;NA;----------------------------------------------------------------------------------------------AGATATCGGTACTTTATATTTAATTTTTGGTGCTTTTTCTGGAATTATAGGAGGTTGTATGTCAATGTTAATTCGAATGGAACTAGCTCAACCAGGTAATCATTTACTTTTAGGTAATCATCAAGTTTATAATGTTTTGATAACAGCACATGCATTTCTAATGATATTTTTTATGGTTATGCCTATAATGATTGGAGGCTTCGGTAATTGATTTGTACCTATAATGATTGGAAGTCCGGATATGGCTTTTCCTAGATTAAACAATATTTCTTTTTGACTTTTACCCCCCTCATTATGTTTATTACTTTTATCATCAATTGTAGAAGTAGGTACTGGTACAGGTTGAACTGTTTACCCCCCTTTAAGTTCTATACAAAGCCATTCAGGTGCTTCAGTTGATTTAGCTATTTTTAGTTTACATTTATCAGGTGCTTCATCTATTTTGGGCGCATTAAATTTTATTTCTACAATTTTAAATATGCGTAATCCAGGACAAACATTTTACAGGATTCCTTTATTTGTTTGATCAATTTTTGTAACTGCATTTTTATTATTGTTAGCGGTTCCTGTTTTAGCAGGAGCAATAACTATGTTGTTAACTGATAGAAATTTTAACACTTCTTTTTTTGATCCATCAGGAGGAGGTGATCCTATTTTATATCAACATTTATTTTGATTCTTC
FRA3548;NA;NA;NA;---------------------------------------------------------------------------------------------AAGATATTGGAACTTTATATTTAATTTTTGGTGCTTTTGCTGGTATACTAGGAGGTTGTATGTCAATGCTAATTCGTATGGAATTAGCACAACCAGGTAACCACTTACTTTTAGGTAATCATCAAGTTTATAATGTTTTAATAACTGCACATGCTTTTTTAATGATTTTTTTTATGGTTATGCCAGTAATGATTGGTGGTTTTGGTAATTGATTTGTACCGATTATGATAGGTAGTCCAGATATGGCATTTCCAAGATTGAACAACATTTCATTTTGACTTTTACCGCCTTCTTTATGTTTATTACTTTTATCTTCAATTGTAGAAGTTGGTACTGGTACTGGTTGAACTGTTTACCCTCCATTAAGTTCAATACAAAGTCATTCTGGAGCTTCCGTAGATTTAGCTATTTTTAGTTTGCATTTATCTGGAGCTTCTTCGATTTTAGGTGCTATAAATTTTATTTCTACAATTTTAAATATGCGTAATCCAGGACAAACTTTTTATAGAATTCCTTTATTTGTTTGATCAATTTTTGTAACTGCATTTTTATTATTATTAGCTGTACCAGTTTTAGCAGGTGCGATTACTATGTTATTAACTGACAGAAATTTTAATACTTCATTTTTTGATCCTTCAGGAGAAGGAAATCCTGTTTTATATCAACATTTATTCTGATTCTTC
FRA3651;NA;NA;NA;---------------------------------------------------------------------------------------------AAGATATTGGAACTTTATATTTAATTTTTGGTGCTTTTGCTGGAGTATTAGGAGGTTGTATGTCAATGTTAATTCGTATGGAATTAGCACAACCAGGTAATCATTTACTTTTAGGTAATCATCAAGTTTATAATGTTTTAATAACTGCACACGCATTTTTAATGATTTTTTTTATGGTTATGCCAGTAATGATTGGAGGTTTTGGTAATTGATTTGTACCAATTATGATAGGAAGTCCTGATATGGCGTTTCCTAGATTAAATAATATTTCATTTTGACTTTTACCCCCCTCATTATGTTTACTACTTTTATCTTCAATTGTGGAAGTTGGTACTGGTACTGGTTGAACTGTCTATCCTCCATTAAGTTCAATACAAAGTCATTCTGGAGCTTCAGTAGATTTAGCTATTTTTAGTTTACATTTATCAGGTGCTTCTTCTATTTTAGGTGCAATAAATTTTATTTCAACAATTTTAAATATGCGTAATCCTGGACAAACATTTTATAGAATACCTTTATTTGTTTGATCGATTTTTGTTACAGCATTTTTATTATTATTAGCTGTACCAGTTTTAGCAGGTGCGATTACTATGTTATTAACTGATAGAAATTTTAATACTTCATTTTTTGATCCTTCAGGAGGAGGTGATCCTATTTTATATCAACATTTATTCTGATTCTTC
FRA3673;NA;NA;NA;-----------------------------------------------------------------------------------------------GATATTGGAACTTTATATTTAATTTTTGGTGCTTTTGCTGGAGTATTAGGAGGTTGTATGTCAATGTTAATTCGTATGGAATTAACGCAACCAGGTAATCATTTACTTTTAGGTAATCATCAAGTTTATAATGTTTTAATAACTGCACACGCATTTTTAATGATTTTTTTTATGGTTATGCCAGTAATGATTGGAGGTTTTGGTAATTGATTTGTACCAATTATGATAGGAAGTCCTGATATGGCGTTTCCTAGATTAAATAATATTTCATTTTGACTTTTACCCCCTTCATTATGTTTACTACTTTTATCTTCAATTGTAGAAGTTGGTACTGGTACTGGTTGAACTGTTTATCCTCCATTAAGTTCAATACAAAGCCATTCTGGAGCTTCAGTAGATTTAGCTATTTTTAGTTTACATTTATCAGGTGCTTCTTCTATTTTAGGTGCAATAAATTTTATTTCAACAATTTTAAATATGCGTAACCCTGGTCAAACATTTTATAGAATACCTTTATTTGTTTGATCAATTTTTGTTACAGCATTTTTATTATTATTAGCTGTACCAGTTTTAGCAGGTGCGATTACTATGTTATTAACTGATAGAAATTTTAATACTTCATTTTTTGATCCTTCAGGAGGAGGTGATCCTATTTTATATCACCATTTATTCTGATTCTTC
Gr3;Laurenciella;NA;NA;--------------------------------------------------------------------------------------------------------------------------GGTGCTTTTGCAGGTGTACTAGGAGGTTGTATGTCAATGTTAATTCGTATGGAATTGGCACAACCAGGTAACCATTTACTTTTAGGTAATCATCAAGTTTACAATGTTTTAATAACTGCACATGCCTTTTTAATGATTTTTTTTATGGTTATGCCTGTAATGATCGGTGGTTTTGGTAATTGATTTGTACCAATTATGATAGGCAGCCCARATATGGCGTTTCCTARATTAAATAATATTTCGTTTTGACTTTTACCACCATCATTGTGTTTATTGCTTTTGTCCTCAATTGTAGAGGTTGGTACTGGTACTGGTTGGACAGTGTACCCACCACTTAGTTCAATACAAAGTCATTCGGGAGCTTCTGTTGATTTAGCTATTTTTAGCTTGCATTTATCTGGAGCTTCTTCTATTTTAGGTGCAATTAATTTTATATCTACAATTTTAAATATGCGTAATCCAGGACAAACGTTTTACAGAATTCCATTGTTTGTTTGATCAATTTTTGTAACTGCTTTTTTATTATTACTAGCTGTGCCTGTTTTAGCAGGTGCAATAACAATGTTATTAACTGATAGAAATTTTAACACTTCTTTTTT-------------------------------------------------------------------------------------
GWM-613;NA;NA;NA;-----------------------------------------------------------------------------------------------------------TTGTATTTAATTTTTGGTGCTTTTTCTGGTGTTTTAGGGGGTTGTATGTCAATGTTAATAAGAATGGAACTTGCTCAACCTGGTAATCACTTACTTCTAGGTAATCATCAAGTTTACAATGTTTTAATAACTGCGCATGCATTTTTAATGATTTTTTTTATGGTAATGCCAGTAATGATTGGAGGTTTTGGTAATTGATTTGTACCCATTATGATTGGAAGTCCTGATATGGCTTTTCCTAGATTAAATAATATATCTTTTTGATTATTACCTCCTTCTTTATGCTTATTATTGCTATCTTCAGTCGTGGAAGTAGGTACAGGTACAGGTTGAACTGCTTACCCGCCACTTAGTTCAATACAAAGCCATTCTGGAGCTTCAGTTGATTTAGCAATTTTTAGTTTACATTTATCAGGTGCTTCATCTATTTTAGGTGCAATTAATTTTATTTCCACAATTTTAAATATGCGTAACCCAGGTCAAACTTTTTATAGAATTCCTTTATTTGTATGATCAATATTTGTTACTGCATTTTTATTATTATTAGCTGTACCAGTGTTAGCAGGTGCAATAACTATGTTATTAACAGATAGGAACTTTAATACTTCTTTTTTTGATCCTTCAGGGGGAGGTGATCCTATTTTATATCAACATTTATTTTGATTTTTTGGACATCCGGAAGTTTATATCTTAATATTA
H8315;NA;NA;NA;-----------------------------------------------------------------------------------------------------------------------------------------------------TGTATGTCAATGTTGATTCGAATGGAGTTAGCTCAACCAGGTAATCATTTACTTTTAGGTAATCATCAAGTTTACAATGTTTTAATAACAGCACATGCATTTTTAATGATATTTTTTATGGTTATGCCAGTAATGATTGGAGGTTTTGGTAATTGATTTGTACCAATTATGATTGGAAGTCCAGATATGGCTTTTCCTAGATTAAATAACATTTCTTTTTGACTTTTACCTCCTTCATTATGTTTATTACTTTTATCATCAATTGTAGAGGTAGGTACTGGTACAGGATGAACTGTTTACCCTCCTTTAAGTTCTATACAAAGTCATTCAGGAGCTTCAGTTGATTTAGCTATTTTTAGTTTACATTTATCAGGAGCTTCATCTATTTTAGGTGCAGTTAACTTTATTTCTACAATTTTAAATATGCGTAACCCTGGACAAACATTTTACAGAATTCCTTTATTTGTTTGATCAATTTTTGTAACTGCCTTTTTATTACTATTAGCAGTTCCTGTTTTAGCAGGAGCAATAACTATGTTATTAACTGATAGAAATTTTAATACT
H8316;NA;NA;NA;-----------------------------------------------------------------------------------------------------------------------------------------------------TGTATGTCAATGTTAATTCGTATGGAATTGGCACAACCAGGTAACCATTTACTTTTAGGTAATCATCAAGTTTACAATGTTTTAATAACTGCACACGCCTTTTTAATGATTTTTTTTATGGTTATGCCTGTAATGATCGGTGGTTTTGGTAATTGATTTGTACCAATTATGATAGGTAGTCCAGATATGGCGTTTCCTAGATTAAATAATATTTCGTTTTGACTTTTACCACCATCATTGTGTTTATTGCTTTTGTCCTCAATTGTAGAGGTTGGTACTGGTACTGGTTGGACAGTGTACCCACCACTTAGTTCAATACAAAGTCATTCGGGAGCTTCTGTTGATTTAGCTATTTTTAGCTTGCATTTATCTGGAGCTTCTTCTATTTTAGGTGCAATTAATTTTATATCTACAATTTTAAATATGCGTAATCCAGGACAAACGTTTTACAGAATTCCATTGTTTGTTTGATCAATTTTTGTAACTGCTTTTTTATTATTACTAGCTGTGCCTGTTTTAGCAGGTGCAATAACAATGTTATTAACTGATAGAAATTTTAACACT
H8317;NA;NA;NA;---------------------------------------------------------------------------------------------------TCGGTACTTTATATTTAATTTTTGGTGCCTTTTCTGGTGTATTAGGAGGTTGTATGTCAATGTTGATTCGAATGGAGTTAGCTCAACCAGGTAATCATTTACTTTTAGGTAATCATCAAGTTTACAATGTTTTAATAACAGCACATGCATTTTTAATGATATTTTTTATGGTTATGCCAGTAATGATTGGAGGTTTTGGTAATTGATTTGTACCAATTATGATTGGAAGTCCAGATATGGCTTTTCCTAGATTAAATAACATTTCTTTTTGACTTTTACCCCCTTCATTATGTTTATTACTTTTATCATCAATTGTAGAAGTAGGTACTGGTACAGGATGAACTGTTTACCCCCCTTTAAGTTCTATACAAAGTCATTCAGGAGCTTCAGTTGATTTAGCTATTTTTAGTTTACATTTATCAGGAGCTTCATCTATTTTAGGTGCAGTTAACTTTATTTCTACAATTTTAAATATGCGTAACCCTGGACAAACATTTTACAGAATTCCTTTATTTGTTTGATCAATTTTTGTAACTGCCTTTTTATTACTATTAGCAGTTCCTGTTTTAGCAGGAGCAATAACTATGTTATTAACTGATAGAAATTTTAATACTTCTTTTTTTGATCCATCAGGAGGAGGTGATCCTATTTTATACCAACATTTATTT
HEC15902;Palisada;NA;SriLanka;-------------------------------------------------------------------------------------------------------NNNNNNNNNNNNNNNNNNNNNNNNNNNNNNNNNNNNNNNNNNAGGTTGTATGTCAATGTTAATTCGAATGGAGTTAGCTCAACCAGGTAATCATTTACTTTTAGGTAATCACCAGGTTTACAATGTTTTAATAACAGCACACGCATTTTTAATGATATTTTTTATGGTTATGCCAGTAATGATTGGAGGTTTTGGTAATTGATTTGTACCAATTATGATTGGTAGTCCAGATATGGCTTTTCCTAGATTAAATAATATTTCTTTTTGGCTTTTACCTCCTTCGTTATGTTTATTACTTTTATCGTCAATTGTAGAAGTAGGTACTGGTACAGGATGGACTGTTTATCCCCCTTTGAGTTCTATACAGAGTCACTCAGGTGCTTCAGTAGATTTGGCTATTTTTAGTTTACATTTATCAGGAGCTTCATCTATTTTAGGAGCAGTTAATTTTATTTCTACAATTTTAAATATGCGTAATCCAGGACAAACATTTTATAGAATTCCTTTATTTGTTTGATCAATTTTTGTAACTGCATTTTTATTATTATTAGCAGTTCCTGTGTTAGCAGGAGCAATAACTATGTTATTAACTGATAGGAATTTTAATACTTCTTTTTTTGATCCATCGGGANNNNNNNNNNNNNNNNNNNNNNNNNNNNNNNNN---------------------------------------
HEC15921;NA;NA;NA;------------------------------------------------------------------------------------------------------------------------------------------------GAGGTTGTATGTCAATGCTAATTCGTATGGAATTAGCACAACCAGGTAATCATTTACTTTTGGGTAATCATCAAGTTTATAATGTTTTAATAACTGCACATGCGTTTTTAATGATTTTTTTTATGGTTATGCCAGTAATGATTGGAGGTTTTGGTAATTGATTTGTACCAATTATGATAGGTAGTCCAGATATGGCATTTCCTAGATTAAATAATATTTCATTTTGACTTTTACCTCCTTCATTATGTTTATTACTTTTATCTTCAATTGTAGAAGTTGGTACTGGTACTGGTTGAACTGTTTATCCTCCGCTAAGTTCAATACAAAGTCATTCAGGAGCCTCGGTAGATTTAGCTATTTTTAGTTTACATTTATCAGGAGCCTCTTCGATTTTAGGTGCTATAAATTTTATATCTACAATTTTAAATATGCGTAATCCAGGACAAACATTTTATAGAATTCCTTTATTTGTTTGATCAATTTTTGTAACTGCATTTTTATTATTATTAGCTGTACCAGTTTTAGCAGGTGCAATTACTATGTTATTGACTGATAGGAATTTTAATACTTCTTTTTTTGATCC-------------------------------------------------------------------------------
HEC15931;Palisada;NA;SriLanka;-------------------------------------------------------------------------------------------------------TACTTTATATTTAATTTTTGGTGCTTTTGCTGGTGTATTAGGAGGTTGTATGTCAATGCTAATTCGTATGGAATTAGCACAACCAGGTAATCATTTACTTTTGGGTAATCATCAAGTTTATAATGTTTTAATAACTGCACATGCGTTTTTAATGATTTTTTTTATGGTTATGCCAGTAATGATTGGAGGTTTTGGTAATTGATTTGTACCAATTATGATAGGTAGTCCAGATATGGCATTTCCTAGATTAAATAATATTTCATTTTGACTTTTACCTCCTTCATTATGTTTATTACTTTTATCTTCAATTGTAGAAGTTGGTACTGGTACTGGTTGAACTGTTTATCCTCCGCTAAGTTCAATACAAAGTCATTCAGGAGCCTCGGTAGATTTAGCTATTTTTAGTTTACATTTATCAGGAGCCTCTTCGATTTTAGGTGCTATAAATTTTATATCTACAATTTTAAATATGCGTAATCCAGGACAAACATTTTATAGAATTCCTTTATTTGTTTGATCAATTTTTGTAACTGCATTTTTATTATTATTAGCTGTACCAGTTTTAGCAGGTGCAATTACTATGTTATTGACTGATAGGAATTTTAATACTTCGTTTTTTGATCCTTCAGGAGGAGGAGATCCTGTATTATATCAACATTTATTT---------------------------------------
HEC16009;Laurencia;NA;SriLanka;-------------------------------------------------------------------------------------------------------TACTTTATATTTAATTTTTGGTGCTTTTTCTGGTGTATTGGGAGGTTGTATGTCAATGTTAATTCGAATGGAATTAGCTCAACCAGGTAATCATTTACTTTTAGGTAATCATCAAGTTTACAATGTTTTAATAACAGCACATGCATTTTTAATGATATTTTTTATGGTTATGCCAGTAATGATTGGAGGTTTCGGTAACTGATTTGTACCAATTATGATTGGAAGTCCAGATATGGCTTTTCCTAGATTAAACAACATTTCTTTTTGACTTTTACCTCCTTCATTATGTTTATTACTTTTATCTTCAATTGTAGAAGTAGGGACTGGTACAGGATGAACTGTCTACCCTCCTTTAAGTTCTATTCAAAGTCATTCAGGAGCTTCAGTTGATTTGGCTATTTTTAGTTTACATTTATCAGGAGCTTCATCTATTTTAGGCGCAGTTAATTTTATTTCTACAATTTTAAATATGCGTAATCCGGGACAAACTTTCTATAGAATCCCTTTATTTGTTTGATCAATTTTTGTAACTGCGTTTTTGCTATTGTTAGCAGTTCCTGTATTAGCAGGAGCAATAACTATGTTATTAACTGATAGAAATTTTAATACTTCTTTCTTTGATCCATCAGGAGGAGGTGATCCTATTTTATATCAACATCTGTTT---------------------------------------
HQ422758;NA;NA;NA;---------------------------------------------------------------------------------------------------------------------------------------------------GTTGTATGTCAATGTTAATTCGAATGGAGTTAGCTCAGCCAGGTAATCATTTACTTTTAGGTAATCATCAAGTTTACAATGTTTTAATAACAGCACATGCATTTTTAATGATATTTTTTATGGTTATGCCAATAATGATTGGGGGTTTTGGTAATTGATTTGTACCAATAATGATTGGAAGTCCAGATATGGCTTTTCCTAGACTGAACAATATTTCTTTTTGACTTTTACCTCCTTCATTATGTTTACTACTTTTATCATCAATTGTAGAAGTAGGTACTGGTACAGGTTGAACTGTTTACCCCCCTTTAAGTTCTATACAAAGTCATTCAGGTGCTTCAGTTGATTTAGCTATTTTTAGTTTACACTTATCAGGTGCTTCTTCTATTTTGGGTGCGTTAAATTTTATCTCTACAATTTTAAATATGCGTAATCCAGGACAAACATTTTATAGAATTCCTTTATTTGTTTGGTCGATTTTTATAACTGCTTTTTTATTATTACTAGCAGTTCCTGTTTTAGCAGGAGCAATAACTATGTTGCTTACTGATAGAAACTTTAATACTTCCTTTT--------------------------------------------------------------------------------------
HQ422984;NA;NA;NA;---------------------------------------------------------------------------------------------------------------------------------------------------GTTGTATGTCAATGTTAATTAGAATGGAGTTGGCTCAACCAGGTAATCATTTACTTTTAGGTAATCACCAAGTTTATAATGTTTTAATAACAGCTCACGCATTTTTAATGATATTTTTTATGGTTATGCCAGTAATGATTGGTGGTTTCGGTAATTGATTTGTACCAATTATGATTGGAAGTCCAGATATGGCTTTTCCTAGATTAAATAATATTTCTTTTTGACTTTTACCTCCTTCATTATGTTTATTACTTTTATCTTCAATTGTAGAAGTAGGTACCGGTACAGGATGGACTGTTTACCCTCCCTTAAGTTCTATACAAAGCCACTCAGGAGCTTCTGTTGATTTAGCTATATTTAGTTTACATTTATCGGGAGCTTCCTCAATTTTAGGAGCAGTTAACTTTATTTCTACAATTTTAAATATGCGTAATCCAGGACAAACATTTTATAGAATTCCTTTGTTTGTTTGATCAATTTTTGTAACCGCATTTCTATTATTATTAGCAGTTCCTGTATTAGCAGGAGCAATAACTATGTTATTAACTGACAGAAATTTTAATACTTCTTTTT--------------------------------------------------------------------------------------
HQ423040;NA;NA;NA;---------------------------------------------------------------------------------------------------------------------------------------------------GTTGTATGTCAATGTTAATTCGAATGGAATTAGCGCAACCAGGTAATCATTTACTTTTAGGTAATCACCAAGTTTATAATGTGTTAATAACAGCCCACGCATTCTTAATGATTTTTTTTATGGTTATGCCGGTAATGATTGGAGGTTTTGGTAATTGATTTGTACCAATTATGATTGGAAGCCCAGATATGGCTTTTCCTAGATTAAATAATATATCTTTTTGACTTTTACCTCCTTCACTTTGTTTATTACTTTTATCTTCAATTGTAGAAGTAGGAACAGGTACCGGTTGAACAGTTTATCCTCCTTTAAGTTCTATCCAAAGTCACTCAGGAGCTTCAGTTGACTTAGCAATTTTTAGTTTACATTTATCAGGAGTTTCGTCTATTTTAGGTGCAGTTAATTTTATTTCTACTATTTTAAATATGCGTAATCCGGGACAAACATTTTATAGAATCCCATTATTTGTTTGATCAATTTTTGTTACTGCGTTTTTATTATTATTAGCAGTTCCGGTATTAGCAGGAGCTATAACTATGTTACTAACTGATAGAAATTTCAATACTTCATTTT--------------------------------------------------------------------------------------
HQ423046;NA;NA;NA;---------------------------------------------------------------------------------------------------------------------------------------------------GTTGTATGTCAATGTTAATTAGAATGGAGTTGGCTCAACCAGGTAATCATTTACTTTTAGGTAATCACCAAGTTTATAATGTTTTAATAACAGCTCACGCATTTTTAATGATATTTTTTATGGTTATGCCAGTAATGATTGGTGGTTTCGGTAATTGATTTGTACCAATTATGATTGGAAGTCCAGATATGGCTTTTCCTAGATTAAATAATATTTCTTTTTGACTTTTGCCTCCTTCATTATGTTTATTACTTTTATCTTCAATTGTAGAAGTAGGTACCGGTACAGGATGGACTGTTTATCCTCCCTTAAGTTCTATACAAAGCCACTCAGGAGCTTCTGTTGATTTAGCTATATTTAGTTTACATTTATCGGGAGCTTCATCAATTTTAGGAGCAGTTAACTTTATTTCTACAATTTTAAATATGCGTAATCCAGGACAAACATTTTATAGAATTCCGTTGTTTGTTTGATCAATTTTTGTAACCGCATTTCTATTATTATTAGCAGTTCCTGTATTAGCAGGAGCAATAACTATGTTATTAACTGACAGAAATTTTAATACTTCTTTTT--------------------------------------------------------------------------------------
HQ423052;NA;NA;NA;---------------------------------------------------------------------------------------------------------------------------------------------------GTTGTATGTCAATGTTAATTCGAATGGAATTAGCGCAACCAGGTAATCATTTACTTTTAGGTAATCACCAAGTTTACAATGTGTTAATAACAGCCCATGCATTTTTAATGATTTTTTTTATGGTTATGCCAGTAATGATTGGGGGTTTTGGTAATTGATTTATACCAATTATGATTGGAAGTCCAGATATGGCTTTTCCTAGATTAAATAATATATCGTTTTGACTTTTACCCCCTTCATTATGTTTATTACTTTTATCTTCAATTGTAGAAGTAGGAACAGGTACGGGTTGAACGGTCTACCCTCCTTTAAGTTCTATTCAAAGCCATTCAGGAGCTTCAGTTGATCTAGCAATTTTTAGCTTACATTTATCAGGAGCTTCATCTATTTTAGGAGCAGTTAATTTTATTTCTACGATTTTAAATATGCGTAATCCTGGACAAACATTTTATAGAATTCCATTATTTGTTTGATCAATTTTTGTTACTGCGTTTTTATTATTATTAGCAGTTCCTGTATTAGCAGGAGCTATAACTATGTTATTAACTGATAGAAATTTCAATACTTCGTTTT--------------------------------------------------------------------------------------
HQ423054;NA;NA;NA;---------------------------------------------------------------------------------------------------------------------------------------------------GTTGTATGTCGATGTTAATTCGAATGGAATTAGCGCAACCAGGTAATCATTTACTTTTAGGTAATCATCAAGTTTACAATGTTTTGATAACAGCACATGCGTTTTTAATGATATTTTTTATGGTTATGCCAGTAATGATTGGAGGTTTCGGTAATTGATTTGTACCAATCATGATTGGAAGTCCGGATATGGCTTTTCCTAGATTAAACAACATTTCTTTTTGACTTTTACCTCCTTCATTATGTTTATTACTTTTATCATCAATTGTAGAAGTAGGTACTGGTACAGGATGAACTGTTTATCCTCCTTTAAGTTCTATACAAAGTCATTCAGGAGCCTCAGTAGATTTAGCTATTTTTAGTTTACATTTATCAGGAGCTTCTTCTATCTTAGGAGCAGTTAATTTTATTTCTACAATTTTAAATATGCGTAATCCAGGACAAACATTTTATAGAATTCCTTTATTTGTTTGATCAATTTTCGTAACTGCATTTTTATTATTATTAGCAGTTCCTGTGTTAGCAGGAGCAATAACTATGTTATTAACCGATAGAAATTTTAACACTTCTTTTT--------------------------------------------------------------------------------------
HYJ-1;NA;NA;NA;--------------------------------------------------------------------------------------------------------------------------------------------------------ATGTCAATGTTAATTCGAATGGAATTAGCTCAACCAGGTAATCATTTACTTTTAGGTAATCACCAAGTTTATAATGTCTTAATAACAGCACATGCATTTTTAATGATATTTTTTATGGTTATGCCAGTAATGATTGGAGGTTTTGGTAATTGATTTGTACCAATTATGATTGGAAGTCCAGATATGGCTTTTCCGAGATTAAATAATATTTCTTTTTGACTTTTACCTCCTTCATTATGTTTATTACTTTTATCTTCAATTGTAGAAGTAGGGACTGGTACAGGATGGACTGTTTATCCTCCTTTAAGTTCTATACAAAGTCATTCAGGAGCTTCAGTTGATTTAGCTATTTTTAGTTTACATTTATCGGGAGCTTCATCTATTTTAGGTGCGGTTAATTTCATTTCTACAATTTTAAATATGCGTAATCCAGGACAAACTTTTTATAGAATCCCTTTATTTGTTTGATCAATTTTTGTAACTGCTTTTTTGTTATTGTTAGCAGTTCCTGTATTAGCGGGAGCAATAACTATGTTACTAACTGATAGGAATTTTAATACTTCTTTTTTTGATCCATCAGGAGGAGGTGATCCTATTTTATATCAACATTTGTTTTGATTTTTTGGACATCCAGAAGTTTACATTTTAATATTA
HYJ-11;NA;NA;NA;-----------------------------------------------------ATGAATACAATTTTTAGATGAGTTTTTTCAACCAACCACAAAGATATTGGTACATTATATTTAATTTTTGGTGCTTTTTCCGGTGTATTGGGAGGTTGCATGTCAATGTTAATTCGAATGGAATTAGCCCAACCAGGTAATCACTTATTGCTAGGTAATCACCAAGTGTACAATGTTTTAATAACTGCACATGCATTTTTAATGATTTTTTTTATGGTAATGCCAGTAATGATTGGAGGTTTTGGTAATTGATTTGTACCTATTATGATAGGAAGTCCAGATATGGCTTTTCCTAGATTAAACAATATTTCTTTTTGATTATTACCTCCATCTTTATGTTTGTTATTACTATCTTCAGTTGTAGAAGTAGGTACAGGTACAGGTTGAACTGTATATCCACCACTTAGTTCAATACAAAGTCATTCTGGAGCTTCAGTTGATTTAGCTATTTTTAGTTTACATTTATCAGGAGCATCTTCTATTTTAGGTGCGATTAATTTTATTTCGACAATTTTAAATATGCGTAATCCTGGACAAACATTTTATAGAATTCCTTTATTTGTTTGATCAATATTTGTAACTGCTTTCTTATTATTATTGGCAGTACCGGTATTAGCAGGTGCAATAACTATGTTATTAACTGATAGGAATTTTAATACTTCATTTTTTGACCCTTCAGGTGGAGGTGACCCTATTTTATATCAACATTTATTTTGGTTTTTTGGACATCCAGAAGTTTATATTTTAATATTA
HYJ-2;NA;NA;NA;-----------------------------------------------------ATGAATACAATTTTTAGATGAGTTTTTTCAACCAACCACAAAGATATTGGTACATTATATTTAATTTTTGGTGCTTTTTCCGGTGTATTGGGAGGTTGCATGTCAATGTTAATTCGAATGGAATTAGCCCAACCAGGTAATCACTTATTGCTAGGTAATCACCAAGTGTACAATGTTTTAATAACTGCACATGCATTTTTAATGATTTTTTTTATGGTAATGCCAGTAATGATTGGAGGTTTTGGTAATTGATTTGTACCTATTATGATAGGAAGTCCAGATATGGCTTTTCCTAGATTAAACAATATTTCTTTTTGATTATTACCTCCATCTTTATGTTTGTTATTACTATCTTCAGTTGTAGAAGTAGGTACAGGTACAGGTTGAACTGTATATCCACCACTTAGTTCAATACAAAGTCATTCTGGAGCTTCAGTTGATTTAGCTATTTTTAGTTTACATTTATCAGGAGCATCTTCTATTTTAGGTGCGATTAATTTTATTTCGACAATTTTAAATATGCGTAATCCTGGACAAACATTTTATAGAATTCCTTTATTTGTTTGATCAATATTTGTAACTGCTTTCTTATTATTATTGGCAGTACCGGTATTAGCAGGTGCAATAACTATGTTATTAACTGATAGGAATTTTAATACTTCATTTTTTGACCCTTCAGGTGGAGGTGACCCTATTTTATATCAACATTTATTTTGGTTTTTTGGACATCCAGAAGTTTATATTTTAATATTA
HYJ-4;NA;NA;NA;--------------------------------------------------------------------------------------------------------------------------------------------------------ATGTCTATGTTAATCCGTATGGAGTTAGCTCAACCAGGTAATCATTTACTTTTAGGAAATCATCAAGTTTATAATGTTTTAATAACGGCACATGCTTTTTTAATGATTTTTTTTATGGTTATGCCCGTAATGATTGGTGGTTTTGGTAACTGATTTGTACCAATTATGATAGGAAGCCCAGATATGGCTTTTCCTAGATTAAATAATATTTCTTTTTGATTATTACCTCCTTCTTTATGTCTTTTATTATTATCTTCAATTGTAGAAGTTGGTACAGGTACAGGTTGAACTGTTTACCCACCACTTAGTTCAATACAAAGTCATTCAGGGGCTTCTGTTGATTTAGCTATTTTTAGTTTGCATTTATCAGGGGCTTCTTCAATCTTAGGAGCAATCAATTTTATTTCTACTATTTTAAATATGCGTAACCCTGGACAAACATTTTACAGAATTCCTTTATTTGTTTGATCAATATTTGTTACAGCATTTTTATTATTATTAGCAGTTCCAGTTTTAGCTGGTGCAATAACTATGTTATTAACTGATAGAAATTTTAATACTTCTTTTTTTGATCCTTCTGGAGGGGGTGATCCGATTTTATATCAACATTTATTTTGATTTTTTGGACATCCTGAAGTTTATATTTTAATTTTG
HYJ-5;NA;cox1;NA;--------------------------------------------------------------------------------------------------------------------------------------------------------ATGTCTATGTTAATTCGTATGGAATTAGCTCAACCAGGTAATCATTTACTTTTAGGTAATCATCAAGTATACAATGTTTTAATAACTGCACATGCGTTTTTAATGATTTTTTTTATGGTTATGCCAGTAATGATTGGAGGTTTCGGTAATTGGTTCGTTCCTATTATGATTGGAAGTCCTGATATGGCGTTTCCTAGATTGAATAATATTTCGTTTTGACTTTTACCTCCAAGTTTATGTTTATTACTTTTATCTTCAGTTGTAGAAGTTGGTACAGGAACTGGTTGAACAGTTTATCCTCCTTTGAGTTCAATACAAAGCCATTCAGGAGCTTCAGTAGATTTAGCTATTTTTAGTTTACATCTTTCGGGAGCCTCATCTATATTAGGTGCAATTAACTTTATTTCTACAATCTTAAATATGCGTAATCCAGGACAAACATTTTACAGAATTCCTTTATTTGTTTGATCAATTTTTGTAACTGCATTTTTATTATTATTAGCAGTACCAGTTTTGGCAGGTGCAATAACCATGTTGTTAACTGATAGGAATTTTAATACTTCTTTTTTTGATCCTTCAGGAGGAGGTGATCCTATTTTATATCAACATTTATTTTGATTTTTTGGACATCCTGAAGTTTATATTTTGATTTTA
HYJ-6;NA;NA;NA;--------------------------------------------------------------------------------------------------------------------------------------------------------ATGTCAATGTTAATTCGTATGGAATTAGCTCAACCAGGTAACCATTTACTTTTAGGTAATCATCAAGTTTACAATGTTTTAATAACTGCGCATGCATTTTTAATGATTTTTTTTATGGTTATGCCAGTAATGATTGGAGGTTTTGGTAATTGATTTGTTCCTATTATGATTGGAAGTCCTGATATGGCATTTCCTAGATTAAATAATATTTCATTTTGACTTTTACCCCCAAGTTTGTGTTTATTACTTTTATCCTCAATTGTAGAAGTTGGTACAGGAACTGGTTGAACAGTTTACCCACCTTTGAGTTCAATACAAAGTCATTCAGGAGCTTCAGTGGACTTAGCTATTTTTAGTTTGCATCTTTCAGGAGCTTCATCTATACTAGGTGCAATTAATTTTATTTCTACAATTCTAAATATGCGTAACCCAGGTCAAACATTTTATAGAATTCCTTTATTTGTCTGATCAATTTTTGTAACTGCCTTTTTATTATTGTTAGCAGTACCGGTTTTAGCTGGTGCAATAACCATGTTATTAACTGACAGAAATTTTAATACTTCGTTTTTCGATCCTTCAGGTGGAGGTGATCCTATTTTATATCAGCATTTATTTTGATTTTTTGGACATCCTGAAGTTTATATTTTAATTTTA
HYJ-7;NA;cox1;NA;--------------------------------------------------------------------------------------------------------------------------------------------------------ATGTCAATGTTAATTCGTATGGAATTAACGCAACCAGGTAATCATTTACTTTTAGGTAATCATCAAGTTTATAATGTTTTAATAACTGCACACGCATTTTTAATGATTTTTTTTATGGTTATGCCAGTAATGATTGGAGGTTTTGGTAATTGATTTGTACCAATTATGATAGGAAGTCCTGATATGGCGTTTCCTAGATTAAATAATATTTCATTTTGACTTTTACCCCCTTCATTATGTTTACTACTTTTATCTTCAATTGTAGAAGTTGGTACTGGTACTGGTTGAACTGTTTATCCTCCATTAAGTTCAATACAAAGCCATTCTGGAGCTTCAGTAGATTTAGCTATTTTTAGTTTACATTTATCAGGTGCTTCTTCTATTTTAGGTGCAATAAATTTTATTTCAACAATTTTAAATATGCGTAACCCTGGTCAAACATTTTATAGAATACCTTTATTTGTTTGATCAATTTTTGTTACAGCATTTTTATTATTATTAGCTGTACCAGTTTTAGCAGGTGCGATTACTATGTTATTAACTGATAGAAATTTTAATACTTCATTTTTTGATCCTTCAGGAGGAGGTGATCCTATTTTATATCAACATTTATTTTGATTTTTCGGACATCCGGAAGTTTATATTTTAATTTTA
HYJ-8;NA;NA;NA;--------------------------------------------------------------------------------------------------------------------------------------------------------ATGTCAATGTTAATTCGTATGGAATTAGCACAACCAGGTAATCATTTACTGTTAGGTAATCATCAAGTTTATAATGTTTTAATAACCGCGCATGCGTTTTTAATGATTTTTTTTATGGTTATGCCAGTAATGATTGGAGGTTTTGGTAATTGATTTGTACCAATTATGATAGGTAGTCCGGATATGGCATTTCCTAGATTAAATAATATTTCGTTTTGACTTTTACCTCCTTCGTTATGCTTACTACTTTTATCTTCAATTGTGGAAGTTGGTACTGGTACTGGTTGAACTGTGTACCCTCCACTAAGTTCAATACAAAGTCACTCTGGAGCTTCAGTAGATCTAGCTATTTTTAGTTTACATTTATCAGGAGCTTCTTCAATTTTAGGTGCCATAAATTTTATTTCTACAATTTTAAATATGCGTAATCCAGGACAAACATTTTATAGAATTCCTTTATTTGTTTGATCAATTTTTGTAACTGCGTTTTTATTATTATTAGCGGTACCAGTTTTGGCGGGTGCAATTACTATGTTGTTAACTGATAGAAATTTTAATACTTCGTTTTTTGATCCTTCAGGAGGAGGAGACCCTGTTTTATATCAACATTTGTTTTGATTTTTTGGACATCCAGAAGTATATATCTTAATTTTA
JML0258;Laurencia;NA;NewCaledonia;-------------------------------------------------------------------------------------------------------TACTTTGTATTTAATTTTTGGTGCTTTTTCTGGTGTATTAGGAGGTTGTATGTCTATGTTAATTCGAATGGAGTTAGCTCAGCCAGGTAATCATTTACTTTTAGGTAATCATCAAGTTTATAATGTTTTGATAACAGCACATGCATTTTTAATGATATTTTTTATGGTTATGCCAGTAATGATTGGAGGTTTTGGTAATTGATTTGTACCGATTATGATTGGAAGCCCAGATATGGCTTTTCCTAGATTAAACAATATTTCTTTTTGACTTTTACCCCCTTCGTTATGTTTACTTCTTTTATCATCAATTGTAGAAGTAGGTACAGGTACAGGATGAACTGTTTATCCCCCTTTGAGTTCTATACAAAGTCATTCAGGAGCTTCAGTTGATTTAGCTATTTTCAGTTTACATTTATCAGGAGTTTCATCAATTTTAGGAGCAGTTAATTTTATTTCTACAATTTTAAATATGCGTAATCCTGGACAAACTTTTTATAGAATACCTTTATTTGTTTGATCAATTTTTGTAACTGCATTTTTATTATTATTAGCAGTTCCTGTATTGGCTGGAGCAATAACTATGTTATTAACTGATAGAAATTTTAATACTTCTTTTTTTGATCCATCAGGAGGTGGAGATCCTATTTTATATCAACATCTATTT---------------------------------------
LBC052F;NA;NA;NA;------------------------------------------------------------------------------------------------------------------------------------------GATTAGGAGGTTGTATGTCAATGTTAATTCGTATGGAATTAGCGCAACCTGGTAATCATTTACTTTTAGGTAATCATCAAATTTATAATGTTTTAATAACCGCTCACGCATTCTTAATGATTTTTTTTATGGTTATGCCAGTAATGATTGGAGGGTTTGGTAATTGATTTGTACCAATTATGATTGGAAGTCCTGACATGGCATTTCCTAGATTAAATAATATTTCATTTTGACTTTTACCTCCTTCATTATGTTTGTTACTTTTATCTTCAATTGTAGAAGTAGGTACAGGTACTGGTTGAACTGTGTATCCTCCATTGAGTTCTATACAAAATCATTCAGGGGCTTCAGTTGATTTAGCTATTTTTAGTCTGCATTTATCAGGAGCTTCTTCTATTTTAGGTGCAATTAATTTTATTTCTACAATTTTAAATATGAGAAATCCTGGACAAACATTTTATAGAATTCCTTTGTTTGTATGATCTATTTTTGTCACTGCTTTTTTGTTGTTACTAGCAGTACCTGTGTTAGCAGGTGCAATAACCATGTTACTTACTGACAGAAATTTTAACACTTCTTTTTTTGACCCATCAGGAGGGGGAGATCCTGTTTTATATCAACATTTATTT---------------------------------------
LLG0071;NA;NA;NA;----------------------------------------------------------------------------------------------------------TTTATATTTAATTTTTGGTGCTTTTTCTGGTGTATTAGGAGGTTGTATGTCAATGTTAATCCGAATGGAATTAGCACAACCGGGTAATCATTTGCTTTTAGGTAATCATCAAGTTTATAATGTTTTAATAACAGCACATGCATTTTTAATGATATTTTTTATGGTTATGCCAGTAATGATTGGGGGTTTTGGTAATTGATTTGTACCAATTATGATTGGGAGTCCAGATATGGCTTTTCCTAGATTAAATAATATTTCTTTTTGACTTTTACCCCCTTCATTGTGTTTATTACTTTTATCTTCAATTGTAGAAGTAGGAACTGGTACAGGTTGGACTGTTTATCCTCCTTTAAGTTCTATACAAAGCCATTCAGGAGCTTCAGTTGATCTTGCAATTTTTAGTTTACATTTGTCAGGAGCTTCATCTATTTTAGGTGCAGTTAATTTTATTTCTACAATTTTAAATATGCGTAATCCAGGACAAACATTTTACAGAATCCCTTTATTTGTTTGATCAATTTTTGTAACTGCGTTTTTATTATTACTAGCAGTTCCTGTATTAGCTGGGGCAATAACTATGTTACTAACTGATAGAAATTTTAATACTTCATTTTTTGATCCTTCAGGAGGAGGTGATCCTATTTTATATCAACATTTGTTT---------------------------------------
LLG1984b;Chondria;NA;Manche;--------------------------------------------------------------------------------TCAACAAATCATAAAGATATTGGTACTTTATATTTAATTTTTGGTGCTTTTTCTGGTGTATTAGGAGGTTGTATGTCAATGTTGATTCGAATGGAGTTAGCCCAACCAGGTAATCATTTACTTTTAGGTAATCATCAAATTTACAATGTTTTAATAACAGCACATGCATTTTTAATGATATTTTTTATGGTTATGCCAGTAATGATTGGAGGTTTCGGTAATTGATTTGTGCCTATTATGATTGGAAGTCCAGATATGGCTTTTCCTAGATTAAACAATATATCTTTTTGACTTTTACCCCCTTCGTTATGTTTATTACTTTTATCATCAATTGTAGAAGTAGGTACTGGTACAGGATGAACTGTTTATCCTCCTTTAAGTTCCATACAAAGTCATTCAGGAGCTTCAGTTGATTTAGCTATTTTCAGTTTGCATTTGTCAGGAGCTTCATCTATTTTAGGTGCGGTTAATTTTATTTCTACAATTTTAAATATGCGCAATCCTGGACAAACATTTTATAGAATTCCTTTATTTGTTTGGTCAATTTTTGTAACTGCGTTTTTATTATTATTAGCAGTTCCTGTGTTAGCAGGAGCAATAACTATGTTACTGACTGATAGAAATTTTAATACTTCTTTTTTTGATCCATCAGGAGGAGGTGATCCTATTTTATATCAACATTTATTTTGATTCTTCGGC---------------------------
LLG5201;NA;NA;NA;-----------------------------------------------------------------------------------------------------------------------------------------------------TGTATGTCAATGTTGATTCGAATGGAGTTAGCTCAACCAGGTAATCATTTACTTTTAGGTAATCATCAAGTTTACAATGTTTTAATAACAGCACATGCATTTTTAATGATATTTTTTATGGTTATGCCAGTAATGATTGGAGGTTTTGGTAATTGATTTGTACCAATTATGATTGGAAGTCCAGATATGGCTTTTCCTAGATTAAATAACATTTCTTTTTGACTTTTACCCCCTTCATTATGTTTATTACTTTTATCATCAATTGTAGAAGTAGGTACTGGTACAGGATGAACTGTTTACCCCCCTTTAAGTTCTATACAAAGTCATTCAGGAGCTTCAGTTGATTTAGCTATTTTTAGTTTACATTTATCAGGAGCTTCATCTATTTTAGGTGCAGTTAACTTTATTTCTACAATTTTAAATATGCGTAACCCTGGACAAACATTTTACAGAATTCCTTTATTTGTTTGATCAATTTTTGTAACTGCCTTTTTATTACTATTAGCAGTT------------------------------------------------------
LLG5242;NA;NA;NA;---------------------------------------------------------------------------------------------------TCGGTACACTATATTTAATTTTTGGTGCTTTTTCTGGTGTTTTAGGAGGTTGTATGTCAATGTTAATCAGAATGGAGCTAGCTCAGCCAGGTAATCATTTACTTTTAGGTAATCATCAAGTTTACAACGTTTTAATAACTGCACATGCATTTTTGATGATTTTTTTTATGGTAATGCCAGTAATGATAGGAGGTTTTGGTAATTGATTTGTACCTATTATGATTGGAAGTCCTGATATGGCCTTTCCTAGATTAAATAATATATCTTTTTGATTATTACCACCTGCTTTATGTTTATTATTACTTTCTTCAGTTGTAGAAGTAGGTACAGGTACAGGTTGAACTGTTTATCCACCACTTAGCTCAATACAAAGTCATTCTGGAGCTTCAGTTGATTTAGCAATTTTTAGTTTACACTTGTCTGGTGCTTCATCTATTTTAGGTGCAATTAACTTTATTTCTACGATTTTAAATATGCGTAATCCAGGACAAACTTTTTATAGAATTCCCTTATTTGTTTGATCAATATTTGTTACTGCATTTTTATTATTATTAGCTGTACCAGTGTTAGCAGGTGCTATAACTATGTTATTAACAGATAGAAATTTTAATACGTCATTTTTTGATCCTTCAGGGGGAGGTGATCCTATTTTATATCAGCATTTATTT
LLG5243;NA;NA;NA;---------------------------------------------------------------------------------------------------TCGGTACACTATATTTAATTTTTGGTGCTTTTTCTGGTGTTTTAGGAGGTTGTATGTCAATGTTAATCAGAATGGAGCTAGCTCAGCCAGGTAATCATTTACTTTTAGGTAATCATCAAGTTTACAACGTTTTAATAACTGCACATGCATTTTTGATGATTTTTTTTATGGTAATGCCAGTAATGATAGGAGGTTTTGGTAATTGATTTGTACCTATTATGATTGGAAGTCCTGATATGGCCTTTCCTAGATTAAATAATATATCTTTTTGATTATTACCACCTGCTTTATGTTTATTATTACTTTCTTCAGTTGTAGAAGTAGGTACAGGTACAGGTTGAACTGTTTATCCACCACTTAGCTCAATACAAAGTCATTCTGGAGCTTCAGTTGATTTAGCAATTTTTAGTTTACACTTGTCTGGTGCTTCATCTATTTTAGGTGCAATTAACTTTATTTCTACGATTTTAAATATGCGTAATCCAGGACAAACTTTTTATAGAATTCCCTTATTTGTTTGATCAATATTTGTTACTGCATTTTTATTATTATTAGCTGTACCAGTGTTAGCAGGTGCTATAACTATGTTATTAACAGATAGAAATTTTAATACGTCATTTTTTGATCCTTCAGGGGGAGGTGATCCTATTTTATATCAGCATTTATTT
LLG5246;NA;NA;NA;-----------------------------------------------------------------------------------------------------------------------------------------------------TGTATGTCAATGTTGATTCGAATGGAGTTAGCTCAACCAGGTAATCATTTACTTTTAGGTAATCATCAAGTTTACAATGTTTTAATAACAGCACATGCATTTTTAATGATATTTTTTATGGTTATGCCAGTAATGATTGGAGGTTTTGGTAATTGATTTGTACCAATTATGATTGGAAGTCCAGATATGGCTTTTCCTAGATTAAATAACATTTCTTTTTGACTTTTACCCCCTTCATTATGTTTATTACTTTTATCATCAATTGTAGAAGTAGGTACTGGTACAGGATGAACTGTTTACCCCCCTTTAAGTTCTATACAAAGTCATTCAGGGGCTTCAGTTGATTTAGCTATTTTTAGTTTACATTTATCAGGAGCTTCATCTATTTTAGGTGCAGTTAACTTTATTTCTACAATTTTAAATATGCGTAACCCTGGACAAACATTTTACAGAATTCCTTTATTTGTTTGATCAATTTTTGTAACTGCCTTTTTATTACTATTAGCAGTTCCTGTTTTAGCAGGAGCAATAACTATGTTATTAACTGATAGAAATTTTAATACT
LLG5247;NA;NA;NA;-----------------------------------------------------------------------------------------------------------------------------------------------------TGTATGTCAATGTTGATTCGAATGGAGTTAGCTCAACCAGGTAATCATTTACTTTTAGGTAATCATCAAGTTTACAATGTTTTAATAACAGCACATGCATTTTTAATGATATTTTTTATGGTTATGCCAGTAATGATTGGAGGTTTTGGTAATTGATTTGTACCAATTATGATTGGAAGTCCAGATATGGCTTTTCCTAGATTAAATAACATTTCTTTTTGACTTTTACCCCCTTCATTATGTTTATTACTTTTATCATCAATTGTAGAAGTAGGTACTGGTACAGGATGAACTGTTTACCCCCCTTTAAGTTCTATACAAAGTCATTCAGGAGCTTCAGTTGATTTAGCTATTTTTAGTTTACATTTATCAGGAGCTTCATCTATTTTAGGTGCAGTTAACTTTATTTCTACAATTTTAAATATGCGTAACCCTGGACAAACATTTTACAGAATTCCTTTATTTGTTTGATCAATTTTTGTAACTGCCTTTTTATTACTATTAGCAGTTCCTGTTTTAGCAGGAGCAATAACTATGTTATTAACTGATAGAAATTTTAATACT
LLG5282;NA;NA;NA;-----------------------------------------------------------------------------------------------------------------------------------------------------TGTATGTCAATGTTAATTCGTATGGAATTAGCACAGCCAGGTAATCATTTACTTTTAGGTAATCATCAAGTTTACAATGTTTTAATAACTGCTCATGCATTTTTAATGATTTTTTTTATGGTTATGCCAGTAATGATTGGAGGTTTTGGTAATTGATTTGTTCCGATAATGATTGGAAGTCCTGACATGGCATTTCCTAGATTAAATAATATTTCATTTTGACTTTTACCACCTTCATTATGTTTATTGCTTTTATCTTCAATTGTAGAAGTAGGTACTGGTACTGGTTGAACTGTTTATCCCCCATTAAGTTCAATTCAAAGTCATTCAGGAGCTTCTGTTGATTTAGCTATTTTTAGTTTACATTTATCAGGAGCCTCATCTATTTTAGGTGCTATTAATTTTATTTCTACTATTTTGAACATGAGAAATCCTGGACAAACATTTTATAGAATACCTTTATTTGTTTGATCAATTTTTGTTACTGCTTTTTTACTACTATTAGCAGTACCTGTTTTAGCAGGTGCTATAACTATGTTACTTACTGACAGGAATTTTAATACT
LLG5285;NA;NA;NA;-----------------------------------------------------------------------------------------------------------------------------------------------------TGTATGTCAATGTTGATTCGAATGGAGTTAGCTCAACCAGGTAATCATTTACTTTTAGGTAATCATCAAGTTTACAATGTTTTAATAACAGCACATGCATTTTTAATGATATTTTTTATGGTTATGCCAGTAATGATTGGAGGTTTTGGTAATTGATTTGTACCAATTATGATTGGAAGTCCAGATATGGCTTTTCCTAGATTAAATAACATTTCTTTTTGACTTTTACCCCCTTCATTATGTTTATTACTTTTATCATCAATTGTAGAAGTAGGTACTGGTACAGGATGAACTGTTTACCCCCCTTTAAGTTCTATACAAAGTCATTCAGGAGCTTCAGTTGATTTAGCTATTTTTAGTTTACATTTATCAGGAGCTTCATCTATTTTAGGTGCAGTTAACTTTATTTCTACAATTTTAAATATGCGTAACCCTGGACAAACATTTTACAGAATTCCTTTATTTGTTTGATCAATTTTTGTAACTGCCTTTTTATTACTATTAGCAGTTCCTGTTTTAGCAGGAGCAATAACTATGTTATTAACTGATAGAAATTTTAATACT
LLG5287;NA;NA;NA;-----------------------------------------------------------------------------------------------------------------------------------------------------TGTATGTCAATGTTGATTCGAATGGAGTTAGCTCAACCAGGTAATCATTTACTTTTAGGTAATCATCAAGTTTACAATGTTTTAATAACAGCACATGCATTTTTAATGATATTTTTTATGGTTATGCCAGTAATGATTGGAGGTTTTGGTAATTGATTTGTACCAATTATGATTGGAAGTCCAGATATGGCTTTTCCTAGATTAAATAACATTTCTTTTTGACTTTTACCCCCTTCATTATGTTTATTACTTTTATCATCAATTGTAGAAGTAGGTACTGGTACAGGATGAACTGTTTACCCCCCTTTAAGTTCTATACAAAGTCATTCAGGAGCTTCAGTTGATTTAGCTATTTTTAGTTTACATTTATCAGGAGCTTCATCTATTTTAGGTGCAGTTAACTTTATTTCTACAATTTTAAATATGCGTAACCCTGGACAAACATTTTACAGAATTCCTTTATTTGTTTGATCAATTTTTGTAACTGCCTTTTTATTACTATTAGCAGTTCCTGTTTTAGCAGGAGCAATAACTATGTTATTAACTGATAGAAATTTTAATACT
LLG5288;NA;NA;NA;-----------------------------------------------------------------------------------------------------------------------------------------------------TGTATGTCAATGTTAATTCGTATGGAATTGGCACAACCAGGTAACCATTTACTTTTAGGTAATCATCAAGTTTACAATGTTTTAATAACTGCACACGCCTTTTTAATGATTTTTTTTATGGTTATGCCTGTAATGATCGGTGGTTTTGGTAATTGATTTGTACCAATTATGATAGGTAGTCCAGATATGGCGTTTCCTAGATTAAATAATATTTCGTTTTGACTTTTACCACCATCATTGTGTTTATTGCTTTTGTCCTCAATTGTAGAGGTTGGTACTGGTACTGGTTGGACAGTGTACCCACCACTTAGTTCAATACAAAGTCATTCGGGAGCTTCTGTTGATTTAGCTATTTTTAGCTTGCATTTATCTGGAGCTTCTTCTATTTTAGGTGCAATTAATTTTATATCTACAATTTTAAATATGCGTAATCCAGGACAAACGTTTTACAGAATTCCATTGTTTGTTTGATCAATTTTTGTAACTGCTTTTTTATTATTACTAGCTGTGCCTGTTTTAGCAGGTGCAATAACAATGTTATTAACTGATAGAAATTTTAACACT
LLG5289;NA;NA;NA;-----------------------------------------------------------------------------------------------------------------------------------------------------TGTATGTCAATGTTGATTCGTATGGAATTGGCTCAACCAGGTAACCATTTACTTTTAGGTAATCATCAAGTTTACAATGTTTTAATAACTGCACACGCCTTTTTAATGATTTTTTTTATGGTTATGCCAGTAATGATCGGAGGTTTTGGTAATTGATTTGTACCAATTATGATTGGAAGTCCAGATATGGCTTTTCCTAGATTAAATAACATTTCTTTTTGACTTTTACCCCCTTCATTGTGTTTATTGCTTTTATCCTCAATTGTAGAAGTAGGTACTGGTACTGGATGAACTGTTTACCCCCCTTTAAGTTCTATACAAAGTCATTCGGGAGCTTCAGTTGATTTAGCTATTTTTAGTTTGCATTTATCAGGAGCTTCATCTATTTTAGGTGCAATTAATTTTATTTCTACAATTTTAAATATGCGTAATCCTGGACAAACATTTTACAGAATTCCTTTGTTTGTTTGATCAATTTTTGTAACTGCTTTTTTATTATTATTAGCAGTTCCTGTTTTAGCAGGAGCAATAACAATGTTATTAACTGATAGAAATTTTAACACTTCTTTTTTTGATCCTTCTGGAGGAGGTGACCCTATTTTATACCAACATTTATTT
MAR3301;NA;NA;NA;---------------------------------------------------------------------------------------------AAGATATTGGTACATTATATTTAATTTTTGGTGCTTTTTCCGGTGTATTGGGAGGTTGCATGTCAATGTTAATTCGAATGGAATTAGCCCAACCAGGTAATCACTTATTGCTAGGTAATCACCAAGTGTACAATGTTTTAATAACTGCACATGCATTTTTAATGATTTTTTTTATGGTAATGCCAGTAATGATTGGAGGTTTTGGTAATTGATTTGTACCTATTATGATAGGAAGTCCAGATATGGCTTTTCCTAGATTAAACAATATTTCTTTTTGATTATTACCTCCATCTTTATGTTTGTTATTACTATCTTCAGTTGTAGAAGTAGGTACAGGTACAGGTTGAACTGTATATCCACCACTTAGTTCAATACAAAGTCATTCTGGAGCTTCAGTTGATTTAGCTATTTTTAGTTTACATTTATCAGGAGCATCTTCTATTTTAGGTGCGATTAATTTTATTTCGACAATTTTAAATATGCGTAATCCTGGACAAACATTTTATAGAATTCCTTTATTTGTTTGATCAATATTTGTAACTGCTTTCTTATTATTATTGGCAGTACCGGTATTAGCAGGTGCAATAACTATGTTATTAACTGATAGGAATTTTAATACTTCATTTTTTGACCCTTCAGGTGGAGGTGACCCTATTTTATATCAACATTTATTTTGAT-----------------------------------
MAR3356;NA;NA;NA;--------------------------------------------------------------------------------------------------------ACATTATATTTAATTTTTGGTGCTTTTTCCGGTGTATTGGGAGGTTGCATGTCAATGTTAATTCGAATGGAATTAGCCCAACCAGGTAATCACTTATTGCTAGGTAATCACCAAGTGTACAATGTTTTAATAACTGCACATGCATTTTTAATGATTTTTTTTATGGTAATGCCAGTAATGATTGGAGGTTTTGGTAATTGATTTGTACCTATTATGATAGGAAGTCCAGATATGGCTTTTCCTAGATTAAACAATATTTCTTTTTGATTATTACCTCCATCTTTATGTTTGTTATTACTATCTTCAGTTGTAGAAGTAGGTACAGGTACAGGTTGAACTGTATATCCACCACTTAGTTCAATACAAAGTCATTCTGGAGCTTCAGTTGATTTAGCTATTTTTAGTTTACATTTATCAGGAGCATCTTCTATTTTAGGTGCGATTAATTTTATTTCGACAATTTTAAATATGCGTAATCCTGGACAAACATTTTATAGAATTCCTTTATTTGTTTGATCAATATTTGTAACTGCTTTCTTATTATTATTGGCAGTACCGGTATTAGCAGGTGCAATAACTATGTTATTAACTGATAGGAATTTTAATACTTCATTTTTTGACCCTTCAGGTGGAGGTGACCCTATTTTATATCAACATTTATTTTGAT-----------------------------------
MMS0007;Osmundea;sp;SanMiguel;--------------------------------------------------------------------------------TCAACAAATCATAAAGATATTGGTACACTATATTTAATTTTTGGTGCTTTTTCTGGTGTTTTAGGAGGTTGTATGTCAATGTTAATTAGAATGGAACTAGCTCAACCAGGTAATCATTTACTTTTAGGTAATCATCAAGTTTACAACGTTTTAATAACTGCACATGCATTTTTGATGATTTTTTTTATGGTAATGCCAGTAATGATAGGAGGTTTTGGTAATTGATTTGTACCTATTATGATTGGAAGTCCTGATATGGCCTTTCCTAGATTAAATAATATATCTTTTTGATTATTACCACCTTCTTTATGTTTATTGTTACTTTCTTCAGTTGTAGAAGTAGGTACAGGTACAGGTTGAACTGTTTATCCACCACTTAGTTCAATACAAAGTCATTCTGGAGCTTCAGTTGATTTAGCAATTTTTAGTTTACATTTATCAGGTGCTTCATCTATTTTGGGTGCAATTAATTTTATTTCTACAATTTTAAATATGCGTAATCCAGGACAAACTTTTTATAGAATCCCTTTATTTGTTTGATCAATATTTGTTACTGCATTTTTATTATTATTAGCTGTACCAGTGTTAGCAGGTGCTATAACTATGTTATTAACAGATAGAAATTTTAATACATCATTTTTTGACCCTTCAGGGGGAGGAGATCCTATTTTATATCAACATTTATTTTGAATCTTTGGC---------------------------
MV01;NA;NA;NA;--------------------------------------------------------------------------------------------------------------------------------------------TTAGGAGGTTGTATGTCAATGTTGATTCGAATGGAGTTAGCTCAACCAGGTAATCATTTACTTTTAGGTAATCATCAAGTTTACAATGTTTTAATAACAGCACATGCATTTTTAATGATATTTTTTATGGTTATGCCAGTAATGATTGGAGGTTTTGGTAATTGATTTGTACCAATTATGATTGGAAGTCCAGATATGGCTTTTCCTAGATTAAATAACATTTCTTTTTGACTTTTACCCCCTTCATTATGTTTATTACTTTTATCATCAATTGTAGAAGTAGGTACTGGTACAGGATGAACTGTTTACCCCCCTTTAAGTTCTATACAAAGTCATTCAGGGGCTTCAGTTGATTTAGCTATTTTTAGTTTACATTTATCAGGAGCTTCATCTATTTTAGGTGCAGTTAACTTTATTTCTACAATTTTAAATATGCGTAACCCTGGACAAACATTTTACAGAATTCCTTTATTTGTTTGATCAATTTTTGTAACTGCCTTTTTATTACTATTAGCAGTTCCTGTTTTAGCAGGAGCAATAACTATGTTATTAACTGATAGAAATTTTAATACTTCTTTTTTTGATCCATCAGGAGGAGGTGATCCTATTTTATACCAACATTTATTTTGAT-----------------------------------
ODC1089;NA;NA;NA;------------------------------------------------------------------------------------------------------------------------------------------------------GTATGTCAATGTTAATTCGTATGGAATTAGCACAACCTGGGAATCATTTACTTKTAGGTAATCATCAAGTTTATAATGTTCTAATAACAGCACATGCGTTTTTAATGATTTTTTTTATGGTTATGCCAGTAATGATTGGAGGTTTTGGAAATTGATTTATACCAATTATGATAGGTAGTCCAGATATGGCATTTCCACGATTAAATAATATTTCATTTTGACTCTTACCACCTTCATTATGCTTGTTACTTTTATCTTCAATTGTAGAAGTTGGTACTGGTACTGGTTGAACAGTTTATCCACCATTGAGTTCAATACAAAGTCATTCTGGTGCTTCAGTTGATTTGGCTATATTTAGTTTACATTTAGCAGGTGCATCATCTATTTTAGGTGCAATTAATTTTATTTCTACAATTTTAAATATGAGGAATCCAGGACAAACATTTTATAGAATCCCTTTATTTGTTTGATCAATGTTTGTTACAGCTTTTTTGTTATTATTATCAGTTCCGGTTTTAGCTGGAGCAATAACTATGTTATTAACTGATAGAAATTTTAATACTTCATTTTTTGATCCTTCAG--------------------------------------------------------------------------
PKNU141120;NA;NA;NA;-----------------------------------------------------------------------------------------------------------------------------------------------------TGTATGTCAATGTTGATTCGAATGGAGTTAGCTCAACCAGGTAATCATTTACTTTTAGGTAATCATCAAGTTTACAATGTTTTAATAACAGCACATGCATTTTTAATGATATTTTTTATGGTTATGCCAGTAATGATTGGAGGTTTTGGTAATTGATTTGTACCAATTATGATTGGAAGTCCAGATATGGCTTTTCCTAGATTAAATAACATTTCTTTTTGACTTTTACCTCCTTCATTATGTTTATTACTTTTATCATCAATTGTAGAGGTAGGTACTGGTACAGGATGAACTGTTTACCCACCTTTAAGTTCTATACAAAGTCATTCAGGAGCTTCAGTTGATTTAGCTATTTTTAGTTTACATTTATCAGGAGCTTCATCTATTTTAGGTGCAGTTAACTTTATTTCTACAATTTTAAATATGCGTAACCCTGGACAAACATTTTATAGAATTCCTTTATTTGTTTGATCAATTTTTGTAACTGCCTTTTTATTATTATTAGCAGTTCCTGTTTTAGCAGGAGCAATA---------------------------------
PML0227;Osmundea;NA;Brittany;--------------------------------------------------------------------------------------------------------ACATTATATTTAATTTTTGGTGCTTTTTCCGGTGTATTGGGAGGTTGCATGTCAATGTTAATTCGAATGGAATTAGCCCAACCAGGTAATCACTTATTGCTAGGTAATCACCAAGTGTACAATGTTTTAATAACTGCACATGCATTTTTAATGATTTTTTTTATGGTAATGCCAGTAATGATTGGAGGTTTTGGTAATTGATTTGTACCTATTATGATAGGAAGTCCAGATATGGCTTTTCCTAGATTAAACAATATTTCTTTTTGATTATTACCTCCATCTTTATGTTTGTTATTACTATCTTCAGTTGTAGAAGTAGGTACAGGTACAGGTTGAACTGTATATCCACCACTTAGTTCAATACAAAGTCATTCTGGAGCTTCAGTTGATTTAGCTATTTTTAGTTTACATTTATCAGGAGCATCTTCTATTTTAGGTGCGATTAATTTTATTTCGACAATTTTAAATATGCGTAATCCTGGACAAACATTTTATAGAATTCCTTTATTTGTTTGATCAATATTTGTAACTGCTTTCTTATTATTATTGGCAGTACCGGTATTAGCAGGTGCAATAACTATGTTATTAACTGATAGGAATTTTAATACTTCATTTTTTGACCCTTCAGGTGGAGGTGACCCTATTTTATATCAACAT---------------------------------------------
PML223A;NA;NA;NA;--------------------------------------------------------------------------------------------------------ACTTTATATTTAATTTTTGGTGCTTTTTCTGGTGTATTGGGAGGTTGTATGTCAATGTTAATTCGAATGGAATTAGCCCAACCAGGTAATCATTTACTTTTAGGTAATCATCAAGTTTACAATGTTTTAATAACAGCACATGCATTTTTAATGATATTTTTTATGGTTATGCCAGTAATGATTGGAGGTTTTGGTAACTGATTTGTACCAATTATGATTGGAAGTCCAGATATGGCTTTTCCTAGATTAAACAACATTTCTTTTTGACTTTTACCTCCTTCATTATGTTTGTTACTTTTATCTTCAATTGTAGAAGTAGGGACTGGTACAGGGTGAACTGTTTATCCTCCTTTAAGTTCTATCCAAAGTCATTCAGGAGCTTCAGTTGATTTGGCTATTTTTAGTTTACATTTATCAGGTGCTTCATCTATTTTAGGTGCAGTTAATTTTATTTCTACAATTTTAAATATGCGTAATCCGGGACAAACTTTTTACAGAATTCCTTTATTTGTTTGATCAATTTTTGTAACTGCGTTTTTGTTATTGTTAGCAGTTCCTGTATTAGCAGGAGCAATAACTATGTTATTAACTGATAGAAATTTTAATACTTCTTTCTTTGATCCATCAGGAGGAGGTGATCCTGTTTTATATCAACAT---------------------------------------------
PR1D;NA;NA;NA;--------------------------------------------------------------------------------------------------------------------------GGTACTTTTGCTGGTGTATTAGGAGGTTGCATGTCAATGYTAATTCGTATGGAGTTAGCGCAACCRGGTAATCWTTTACTTTTAGGTAATCACCAAKTTTACAATGTTTTAATAMCTGCACATGCGTTTWTAATGATTTTTTTTATGGTWATGCCWGTWATGATTGGASGTTTTGGTAATTGATTTGTWCMKATTATGATAGGTASTCCARAWATGGCATTTCCTCSAWTAAAWAATATWTCATTTTGACTCCYACCTCCTTCATTATGTTTATTACTTTTAYCYTCAATTGKARAARTCRGTACTGGTACTGGGTGAACTGTGTMYCCTCCATTGAKTTCAAWACAAARTCATTCTGGAGCTTCAGTAKACTTAGYTATTTTTAKTTTAYATTTAWCAGGAGCCTCTTCAATTTTAGGTGCTATAAATTTTATTTCTACTATTTTAAATATGCGCAATCCYGGACAAACATWTTATARAATTCCTTWATTWSTYTGAWCAATTTTTGTAACWKCATTTWWATTWCTATTAKCCGWACCAGTTKTAGCAGGCGSAATWACWATGTTACTAACWGATAGAAATTTTWATACYYCMYYCTT-------------------------------------------------------------------------------------
PR5A;NA;NA;NA;--------------------------------------------------------------------------------------------------------------------------GGTTCTTTTTCTGGTGTATTAGGAGGTTGTATGTCAATGTTAATTCGTATGGAATTAGCGCAACCTGGTAATCATTTACTTTTAGGTAATCATCAAATTTATAATGTTTTAATAACCGCTCACGCATTCTTAATGATTTTTTTTATGGTTATGCCAGTAATGATTGGAGGGTTTGGTAATTGATTTGTACCAATTATGATTGGAAGTCCTGACATGGCATTTCCTAGATTAAATAATATTTCATTTTGACTTTTACCTCCTTCATTATGTTTGTTACTTTTATCTTCAATTGTAGAAGTAGGTACAGGTACTGGTTGAACTGTGTATCCTCCATTGAGTTCTATACAAAATCATTCAGGGGCTTCAGTTGATTTAGCTATTTTTAGTCTGCATTTATCAGGAGCTTCTTCTATTTTAGGTGCAATTAATTTTATTTCTACAATTTTAAATATGAGAAATCCTGGACAAACATTTTATAGAATTCCTTTGTTTGTATGATCTATTTTTGTCACTGCTTTTTTGTTGTTACTAGCAGTACCTGTGTTAGCAGGTGCAATAACCATGTTACTTACTGACAGAAATTTTAACACTTCTTTTTT-------------------------------------------------------------------------------------
PR5BD;NA;NA;NA;--------------------------------------------------------------------------------------------------------------------------GGTTCTTTTTCTGGTGTATTAGGAGGTTGTATGTCAATGTTAATTCGTATGGAATTAGCGCAACCTGGTAATCATTTACTTTTAGGTAATCATCAAATTTATAATGTTTTAATAACCGCTCACGCATTCTTAATGATTTTTTTTATGGTTATGCCAGTAATGATTGGAGGGTTTGGTAATTGATTTGTACCAATTATGATTGGAAGTCCTGACATGGCATTTCCTAGATTAAATAATATTTCATTTTGACTTTTACCTCCTTCATTATGTTTGTTACTTTTATCTTCAATTGTAGAAGTAGGTACAGGTACTGGTTGAACTGTGTATCCTCCATTGAGTTCTATACAAAATCATTCAGGGGCTTCAGTTGATTTAGCTATTTTTAGTCTGCATTTATCAGGAGCTTCTTCTATTTTAGGTGCAATTAATTTTATTTCTACAATTTTAAATATGAGAAATCCTGGACAAACATTTTATAGAATTCCTTTGTTTGTATGATCTATTTTTGTCACTGCTTTTTTGTTGTTACTAGCAGTACCTGTGTTAGCAGGTGCAATAACCATGTTACTTACTGACAGAAATTTTAACACTTCTTTTTT-------------------------------------------------------------------------------------
SP399814;NA;NA;NA;---------------------------------------------------------------------------------------------------------------------------------------------------GTTGTATGTCAATGTTAATTCGTATGGAATTGGCACAACCAGGTAACCATTTACTTTTAGGTAATCATCAAGTTTACAATGTTTTAATAACTGCACACGCTTTTTTAATGATTTTTTTTATGGTTATGCCTGTAATGATTGGTGGTTTTGGTAATTGGTTTGTACCAATTATGATAGGTAGTCCAGACATGGCGTTTCCTAGATTAAATAATATCTCGTTTTGACTTTTACCACCATCATTATGTTTACTGCTTTTATCTTCAATTGTAGAGGTTGGTACTGGTACCGGCTGAACAGTATACCCACCACTTAGTTCAATACAAAGTCACTCAGGAGCTTCTGTTGATTTAGCTATTTTTAGTTTACATTTATCAGGAGCTTCTTCTATTTTAGGTGCAATTAATTTTATATCTACAATTTTAAATATGCGTAATCCAGGACAAACATTTTATAGAATTCCGTTGTTTGTTTGATCAATTTTTGTAACTGCTTTTTTATTATTATTAGCTGTGCCTGTTTTAGCAGGTGCAATAACAATGTTATTAACTGATAGAAATTTTAACACTTCTTTTT--------------------------------------------------------------------------------------
TN1D;NA;NA;NA;--------------------------------------------------------------------------------------------------------------------------GGTTCTTTTTCTGGTGTATTAGGAGGTTGTATGTCAATGTTAATTCGTATGGAATTAGCGCAACCTGGTAATCATTTACTTTTAGGTAATCATCAAATTTATAATGTTTTAATAACCGCTCACGCATTCTTAATGATTTTTTTTATGGTTATGCCAGTAATGATTGGAGGGTTTGGTAATTGATTTGTACCAATTATGATTGGAAGTCCTGACATGGCATTTCCTAGATTAAATAATATTTCATTTTGACTTTTACCTCCTTCATTATGTTTNTTACTTTTATCTTCAATTGTAGAAGTAGGTACAGGTACTGGTTGAACTGTGTATCCTCCATTGAGTTCTATACAAAATCATTCAGGGGCTTCAGTTGATTTAGCTATTTTTAGTCTGCATTTATCAGGAGCTTCTTCTATTTTAGGTGCAATTAATTTTATTTCTACAATTTTAAATATGAGAAATCCTGGACAAACATTTTATAGAATTCCTTTGTTTGTATGATCTATTTTTGTCACTGCTTTTTTGTTGTTACTAGCAGTACCTGTGTTAGCAGGTGCAATAACCATGTTACTTACTGACAGAAATTTTAACACTTCTTTTTT-------------------------------------------------------------------------------------
WYNR0154;NA;NA;NA;-------------------------------------------------------------------------------------------------------TACTTTATACTTAATTTTTGGAGCTTTTTCTGGAGTCGTAGGAGGTTGTATGTCGATGTTAATCCGAATGGAATTAGCTCAACCGGGTAATCATTTGCTTTTAGGTAATCATCAAGTTTACAATGTTTTAATAACAGCACATGCATTTTTAATGATATTTTTTATGGTTATGCCAATAATGATAGGAGGTTTTGGTAATTGATTTGTTCCAATAATGATTGGAAGTCCAGATATGGCTTTTCCTAGATTAAATAATATTTCTTTTTGACTTTTACCTCCTTCATTGTGCTTATTACTTCTATCATCAATTGTAGAAGTAGGTACAGGTACTGGATGAACTGTTTATCCTCCTTTAAGTTCTGTACAAAGTCATTCAGGTGCTTCAGTTGATTTAGCAATTTTTAGTTTACACTTATCAGGTGCTTCATCCATTTTGGGTGCAGTAAATTTTATTTCTACAATTTTAAATATGCGTAACCCAGGACAAACGTTTTATAGAATTCCTTTATTTGTGTGATCAATTTTTGTAACTGCATTTTTATTATTATTAGCAGTTCCTGTTTTAGCAGGAGCAATAACTATGTTATTAACGGATAGAAATTTTAATACTTCTTTTTTTGATCCGTCGGGGGGAGGTGATCCTGTTTTATACCAACATTTATTT---------------------------------------
